rec_id,role,name
1,asbestos,chrysotile
1,associated,serpentine
2,asbestos,tremolite
2,associated,talc
2,associated,serpentine
2,associated,chlorite
2,associated,quartz
2,associated,calcite
2,associated,magnesite
2,associated,pyroxenes
3,associated,serpentine
3,associated,talc
3,associated,tremolite
4,asbestos,anthophyllite
4,associated,talc
4,associated,tremolite
4,associated,carbonate
4,associated,chlorite
5,asbestos,anthophyllite
5,associated,talc
5,associated,limonite
6,asbestos,anthophyllite
6,associated,talc
6,associated,limonite
7,asbestos,anthophyllite
7,associated,talc
7,associated,serpentine
8,asbestos,tremolite
8,associated,talc
8,associated,tremolite
8,associated,"chalcedonic quartz"
8,associated,anthophyllite
9,asbestos,chrysotile
10,asbestos,tremolite
10,associated,talc
10,associated,chlorite
10,associated,serpentine(?)
10,associated,magnetite
11,asbestos,chrysotile
11,associated,serpentine
12,asbestos,chrysotile
12,associated,serpentine
13,asbestos,chrysotile
13,associated,serpentine
13,associated,olivine
13,associated,chromite
14,asbestos,chrysotile
14,associated,serpentine
15,asbestos,chrysotile
15,associated,serpentine
16,asbestos,chrysotile
16,associated,talc
16,associated,antigorite
16,associated,chlorite
16,associated,ankerite
16,associated,actinolite
16,associated,tremolite
16,associated,anthophyllite
16,associated,pyrite
16,associated,limonite
16,associated,magnetite
16,associated,chromite
16,associated,"manganese minerals"
17,asbestos,tremolite
17,associated,serpentine
18,asbestos,tremolite
18,associated,serpentine
19,asbestos,chrysotile
19,associated,serpentine
20,asbestos,tremolite
20,associated,serpentine
20,associated,talc
20,associated,chlorite
21,asbestos,tremolite
21,associated,serpentine
22,asbestos,chrysotile
22,associated,serpentine
22,associated,picrolite
23,associated,serpentine
24,asbestos,anthophyllite
24,associated,serpentine
26,asbestos,chrysotile
26,asbestos,anthophyllite
26,associated,serpentine
28,asbestos,chrysotile
29,asbestos,anthophyllite
30,asbestos,anthophyllite
31,asbestos,chrysotile
32,asbestos,anthophyllite
33,associated,talc
35,associated,galena
35,associated,chalcopyrite
35,associated,sphalerite
35,associated,malachite
35,associated,azurite
35,associated,serpentine
35,associated,quartz
36,asbestos,tremolite
37,associated,talc
40,associated,diopside
40,associated,serpentine
45,associated,serpentine
46,associated,talc
46,associated,anthophyllite
47,associated,talc
47,associated,serpentine
48,associated,serpentine
48,associated,enstatite
48,associated,olivine
48,associated,magnetite
48,associated,dolomite
48,associated,talc
50,asbestos,chrysotile
51,asbestos,chrysotile
51,associated,serpentine
51,associated,chlorite
51,associated,illite
51,associated,hydrotalcite
52,associated,serpentine
54,associated,serpentine
60,asbestos,tremolite
60,associated,serpentine
61,asbestos,chrysotile
61,associated,serpentine
62,associated,chromite
62,associated,serpentine
63,asbestos,chrysotile
63,associated,serpentine
65,associated,serpentine
66,asbestos,chrysotile
66,associated,serpentine
67,asbestos,chrysotile
67,associated,serpentine
67,associated,enstatite
67,associated,opal
67,associated,chromite
67,associated,kammererite
68,asbestos,crocidolite
68,associated,garnet
69,asbestos,chrysotile
69,associated,lizardite
70,asbestos,chrysotile
70,associated,lizardite
71,asbestos,chrysotile
71,associated,lizardite
72,asbestos,chrysotile
72,associated,serpentine
73,asbestos,chrysotile
73,associated,serpentine
74,asbestos,chrysotile
74,associated,serpentine
75,asbestos,chrysotile
75,associated,serpentine
76,asbestos,tremolite
76,asbestos,anthophyllite
76,associated,serpentine
76,associated,hornblende
76,associated,glaucophane
76,associated,chlorite
76,associated,talc
76,associated,diallage
76,associated,garnet
76,associated,actinolite
76,associated,titanite
76,associated,albite
77,asbestos,chrysotile
77,associated,antigorite
77,associated,olivine
77,associated,pyroxene
78,asbestos,tremolite
78,asbestos,actinolite
79,asbestos,chrysotile
79,associated,serpentine
79,associated,vermiculite
79,associated,amphibole
79,associated,albite
79,associated,clinochlore
79,associated,quartz
79,associated,epidote
79,associated,talc
79,associated,"iron oxides"
79,associated,chromite
80,asbestos,chrysotile
80,asbestos,tremolite
80,associated,amphibole
80,associated,serpentine
80,associated,talc
80,associated,"iron oxides"
80,associated,chlorite
80,associated,titanite
81,asbestos,chrysotile
81,asbestos,tremolite
81,associated,vermiculite
81,associated,amphibole
81,associated,augite
81,associated,clinochlore
81,associated,talc
82,asbestos,chrysotile
82,associated,quartz
82,associated,albite
82,associated,vermiculite
82,associated,epidote
82,associated,"fibrous tremolite"
82,associated,amphibole
82,associated,clinochlore
83,asbestos,chrysotile
83,asbestos,tremolite
83,associated,antigorite
83,associated,talc
83,associated,amphibole
83,associated,albite
83,associated,vermiculite
83,associated,quartz
83,associated,chlorite
83,associated,"iron oxides"
84,associated,"native copper"
84,associated,"copper sulfides"
85,associated,quartz
85,associated,gold
86,asbestos,chrysotile
86,associated,antigorite
86,associated,magnesite
86,associated,brucite
86,associated,talc
88,asbestos,chrysotile
88,associated,antigorite
88,associated,chromite
88,associated,magnesite
88,associated,talc
88,associated,hydromagnesite
88,associated,"hydrous iron oxides"
89,asbestos,chrysotile
89,associated,serpentine
89,associated,hydromagnesite
89,associated,chromite
89,associated,"crystalline carbonate"
89,associated,magnetite
89,associated,uvarovite
90,asbestos,chrysotile
90,associated,serpentine
90,associated,hydromagnesite
90,associated,chromite
90,associated,"crystalline carbonate"
90,associated,magnetite
90,associated,uvarovite
91,asbestos,chrysotile
91,associated,serpentine
93,asbestos,chrysotile
94,asbestos,chrysotile
95,asbestos,chrysotile
96,asbestos,chrysotile
97,asbestos,chrysotile
98,asbestos,chrysotile
99,asbestos,chrysotile
100,asbestos,chrysotile
101,asbestos,chrysotile
102,asbestos,chrysotile
103,asbestos,chrysotile
104,asbestos,chrysotile
105,asbestos,chrysotile
106,asbestos,chrysotile
107,asbestos,chrysotile
108,asbestos,chrysotile
109,asbestos,chrysotile
110,asbestos,chrysotile
111,asbestos,chrysotile
111,associated,serpentine
112,asbestos,chrysotile
113,asbestos,chrysotile
113,associated,lizardite
113,associated,quartz
113,associated,albite
113,associated,chlorite
113,associated,xonotlite
113,associated,hydrogrossular
113,associated,calcite
114,asbestos,chrysotile
114,associated,lizardite
114,associated,quartz
114,associated,albite
114,associated,chlorite
114,associated,xonotlite
114,associated,hydrogrossular
114,associated,calcite
115,asbestos,chrysotile
115,associated,enstatite
115,associated,olivine
115,associated,chlorite
115,associated,antigorite
115,associated,gypsum
115,associated,epsomite
116,asbestos,chrysotile
117,asbestos,tremolite
118,asbestos,chrysotile
118,associated,serpentine
119,asbestos,chrysotile
119,asbestos,tremolite
119,associated,"magnesian silicate minerals"
119,associated,calcite
119,associated,dolomite
119,associated,serpentine(?)
119,associated,talc
120,associated,serpentine
121,asbestos,chrysotile
121,associated,serpentine
122,asbestos,chrysotile
122,associated,serpentine
123,asbestos,chrysotile
123,associated,serpentine
124,asbestos,chrysotile
124,associated,serpentine
125,asbestos,chrysotile
125,associated,lizardite
125,associated,calcite
125,associated,cinnabar
126,asbestos,chrysotile
127,asbestos,chrysotile
127,associated,serpentine
128,asbestos,chrysotile
128,associated,serpentine
129,asbestos,chrysotile
129,associated,lizardite
130,asbestos,chrysotile
130,associated,lizardite
135,asbestos,chrysotile
135,associated,lizardite
138,asbestos,chrysotile
138,associated,antigorite
138,associated,magnesite
138,associated,opal
139,asbestos,chrysotile
139,asbestos,tremolite
139,associated,chlorite
139,associated,serpentine
140,associated,serpentine
140,associated,chlorite
140,associated,talc
140,associated,albite
140,associated,muscovite
141,associated,actinolite
141,associated,talc
142,associated,"spessartite garnet"
142,associated,psilomelane
144,associated,quartz
147,asbestos,chrysotile
147,associated,lizardite
147,associated,antigorite
148,asbestos,chrysotile
148,associated,lizardite
148,associated,antigorite
150,asbestos,chrysotile
150,asbestos,tremolite
150,associated,"serpentine; long"
150,associated,"fibrous nephrite; white"
150,associated,"fibrous tremolite"
151,asbestos,crocidolite
152,asbestos,chrysotile
153,asbestos,chrysotile
153,asbestos,tremolite
153,associated,serpentine
154,asbestos,chrysotile
154,associated,bastite
154,associated,picrite
154,associated,chromite
154,associated,magnetite
155,asbestos,crocidolite
155,associated,jadeite
155,associated,nephrite
156,asbestos,chrysotile
156,associated,serpentine
156,associated,magnetite
156,associated,anthophyllite
157,asbestos,chrysotile
157,associated,serpentine
157,associated,magnetite
157,associated,anthophyllite
158,asbestos,chrysotile
158,associated,serpentine
159,asbestos,chrysotile
159,associated,serpentine
160,asbestos,chrysotile
160,associated,serpentine
161,asbestos,chrysotile
161,associated,serpentine
162,asbestos,chrysotile
163,asbestos,chrysotile
163,associated,serpentine
164,asbestos,chrysotile
165,asbestos,chrysotile
165,associated,serpentine
169,associated,serpentine
170,associated,serpentine
171,associated,serpentine
172,asbestos,tremolite
173,asbestos,tremolite
173,associated,serpentine
174,asbestos,chrysotile
174,asbestos,tremolite
174,associated,serpentine
175,asbestos,chrysotile
175,associated,serpentine
176,asbestos,chrysotile
176,associated,olivine
176,associated,clinopyroxene
176,associated,"serpentine minerals"
176,associated,magnetite
176,associated,chromite
179,asbestos,anthophyllite
179,associated,antigorite
179,associated,talc
179,associated,chlorite
182,associated,serpentine
185,asbestos,tremolite
185,associated,actinolite
185,associated,quartz
185,associated,calcite
185,associated,epidote
186,asbestos,chrysotile
186,associated,magnesite
186,associated,magnetite
186,associated,chlorite
186,associated,actinolite
186,associated,talc
186,associated,olivine
187,asbestos,tremolite
187,associated,actinolite
187,associated,biotite
187,associated,chlorite
188,asbestos,chrysotile
188,associated,serpentine
189,asbestos,chrysotile
189,associated,antigorite
189,associated,brucite
189,associated,lizardite
189,associated,magnetite
190,asbestos,chrysotile
190,associated,serpentine
191,asbestos,chrysotile
191,asbestos,clinochrysotile
191,associated,antigorite
191,associated,jadeite
191,associated,garnet
192,asbestos,chrysotile
193,asbestos,actinolite
194,associated,serpentine
194,associated,sulfides
194,associated,"iron oxides"
195,asbestos,chrysotile
195,associated,serpentine
196,asbestos,crocidolite
197,asbestos,chrysotile
197,associated,pyroxene
197,associated,amphibole
197,associated,chlorite
197,associated,biotite
197,associated,vermiculite
197,associated,magnesite
199,asbestos,chrysotile
199,associated,lizardite
199,associated,antigorite
199,associated,chlorite
200,asbestos,chrysotile
200,associated,lizardite
200,associated,enstatite
200,associated,olivine
200,associated,pyroaurite
200,associated,montmorillonite
201,asbestos,chrysotile
201,associated,lizardite
201,associated,chlorite
201,associated,enstatite
201,associated,pyroaurite
201,associated,montmorillonite
202,asbestos,chrysotile
202,asbestos,clinochrysotile
202,associated,lizardite
203,asbestos,chrysotile
203,associated,antigorite
203,associated,magnetite
203,associated,magnesite
204,asbestos,chrysotile
204,associated,serpentine
205,associated,chromite
205,associated,serpentine
206,asbestos,chrysotile
207,asbestos,chrysotile
207,associated,serpentine
209,asbestos,anthophyllite
209,associated,serpentine
212,asbestos,chrysotile
212,associated,antigorite
212,associated,lizardite
212,associated,brucite
212,associated,tremolite
212,associated,chlorite
212,associated,talc
212,associated,magnetite
212,associated,millerite
212,associated,chromite
212,associated,pentlandite
212,associated,awaruite
213,asbestos,chrysotile
213,associated,"ankeritic carbonate"
213,associated,talc
213,associated,quartz
213,associated,pyrite
214,associated,quartz
214,associated,talc
215,associated,serpentine
216,associated,serpentine
217,asbestos,chrysotile
218,asbestos,chrysotile
219,asbestos,chrysotile
219,associated,serpentine
220,asbestos,chrysotile
220,associated,serpentine
221,asbestos,chrysotile
222,asbestos,chrysotile
223,asbestos,chrysotile
223,associated,serpentine
224,asbestos,chrysotile
225,asbestos,chrysotile
225,associated,serpentine
226,asbestos,chrysotile
227,asbestos,chrysotile
228,asbestos,chrysotile
229,asbestos,chrysotile
229,associated,serpentine
230,asbestos,chrysotile
231,asbestos,chrysotile
231,associated,serpentine
232,asbestos,chrysotile
233,asbestos,chrysotile
235,asbestos,chrysotile
236,asbestos,chrysotile
236,associated,serpentine
236,associated,magnetite
236,associated,chalcedony
237,asbestos,chrysotile
238,asbestos,chrysotile
240,asbestos,chrysotile
241,asbestos,chrysotile
242,asbestos,chrysotile
242,associated,serpentine
242,associated,talc
243,asbestos,chrysotile
245,asbestos,tremolite
245,asbestos,actinolite
246,asbestos,chrysotile
247,asbestos,chrysotile
249,asbestos,amosite
251,asbestos,chrysotile
252,asbestos,crocidolite
253,asbestos,chrysotile
253,associated,serpentine
254,associated,serpentine
256,asbestos,chrysotile
256,asbestos,anthophyllite
256,associated,serpentine
258,asbestos,chrysotile
260,asbestos,chrysotile
260,associated,serpentine
261,asbestos,chrysotile
267,asbestos,tremolite
267,associated,serpentine
271,asbestos,chrysotile
271,associated,serpentine
272,asbestos,chrysotile
272,associated,serpentine
273,asbestos,chrysotile
274,asbestos,chrysotile
274,associated,serpentine
275,associated,serpentine
276,associated,serpentine
276,associated,magnesite
277,asbestos,chrysotile
277,associated,serpentine
278,asbestos,chrysotile
278,associated,antigorite
279,asbestos,chrysotile
282,associated,serpentine
284,associated,serpentine
285,associated,serpentine
287,asbestos,chrysotile
287,associated,serpentine
287,associated,"dolomitic calcite"
287,associated,quartz
288,asbestos,chrysotile
288,asbestos,clinochrysotile
288,associated,serpentine
288,associated,quartz
289,associated,quartz
289,associated,calcite
289,associated,adularia
289,associated,"free gold"
289,associated,pyrite
289,associated,biotite
289,associated,chlorite
289,associated,sericite
289,associated,apatite
290,asbestos,chrysotile
291,asbestos,chrysotile
291,associated,serpentine
292,asbestos,chrysotile
292,associated,serpentine
293,asbestos,chrysotile
294,asbestos,chrysotile
294,associated,serpentine
295,asbestos,chrysotile
295,associated,serpentine
296,asbestos,chrysotile
296,associated,serpentine
296,associated,wollastonite
296,associated,"fibrous calcite"
297,asbestos,chrysotile
297,associated,serpentine
298,asbestos,chrysotile
299,asbestos,chrysotile
299,associated,serpentine
300,asbestos,chrysotile
300,associated,serpentine
301,asbestos,chrysotile
301,associated,serpentine
302,asbestos,chrysotile
302,associated,serpentine
303,asbestos,chrysotile
303,associated,serpentine
303,associated,antigorite
304,asbestos,chrysotile
304,associated,serpentine
305,asbestos,chrysotile
306,asbestos,chrysotile
306,associated,serpentine
307,asbestos,chrysotile
307,associated,serpentine
308,asbestos,chrysotile
308,associated,serpentine
309,asbestos,chrysotile
310,asbestos,chrysotile
311,asbestos,chrysotile
311,associated,serpentine
312,asbestos,chrysotile
312,associated,serpentine
313,asbestos,chrysotile
313,associated,serpentine
313,associated,"fibrous calcite"
313,associated,quartz
313,associated,magnetite
313,associated,hematite
313,associated,sericite
314,asbestos,chrysotile
314,associated,serpentine
314,associated,magnetite
315,asbestos,chrysotile
315,associated,serpentine
316,asbestos,chrysotile
316,associated,serpentine
317,asbestos,chrysotile
317,associated,serpentine
318,asbestos,chrysotile
318,associated,serpentine
319,asbestos,chrysotile
319,associated,serpentine
320,asbestos,chrysotile
320,associated,serpentine
321,asbestos,chrysotile
321,associated,serpentine
322,asbestos,chrysotile
322,associated,serpentine
323,asbestos,chrysotile
323,associated,serpentine
324,asbestos,tremolite
325,asbestos,chrysotile
325,associated,serpentine
325,associated,magnetite
326,asbestos,chrysotile
326,associated,serpentine
327,asbestos,chrysotile
327,associated,serpentine
328,asbestos,chrysotile
329,asbestos,chrysotile
329,associated,serpentine
330,asbestos,chrysotile
330,associated,serpentine
331,asbestos,chrysotile
331,associated,serpentine
331,associated,magnetite
332,asbestos,chrysotile
332,associated,serpentine
333,asbestos,chrysotile
333,associated,serpentine
334,asbestos,chrysotile
334,associated,serpentine
335,asbestos,chrysotile
335,associated,serpentine
336,asbestos,chrysotile
336,associated,serpentine
336,associated,magnetite
337,asbestos,chrysotile
337,associated,serpentine
338,asbestos,chrysotile
338,associated,serpentine
339,asbestos,chrysotile
339,associated,serpentine
340,asbestos,chrysotile
340,associated,serpentine
341,asbestos,chrysotile
341,associated,serpentine
341,associated,magnetite
342,asbestos,chrysotile
342,associated,serpentine
343,asbestos,chrysotile
344,asbestos,chrysotile
344,associated,serpentine
345,asbestos,chrysotile
345,associated,serpentine
346,asbestos,chrysotile
346,associated,serpentine
346,associated,calcite
347,asbestos,chrysotile
348,asbestos,chrysotile
348,associated,serpentine
348,associated,"fibrous calcite"
349,asbestos,chrysotile
349,associated,serpentine
350,asbestos,chrysotile
350,associated,serpentine
350,associated,magnetite
351,asbestos,chrysotile
351,associated,serpentine
351,associated,"fibrous calcite"
352,asbestos,chrysotile
352,associated,serpentine
352,associated,calcite
353,asbestos,chrysotile
353,associated,serpentine
354,asbestos,chrysotile
354,associated,serpentine
355,asbestos,chrysotile
355,associated,serpentine
356,asbestos,chrysotile
356,associated,serpentine
356,associated,chalcocite
357,asbestos,chrysotile
357,associated,serpentine
358,asbestos,chrysotile
358,associated,serpentine
359,asbestos,chrysotile
359,associated,serpentine
360,asbestos,chrysotile
361,asbestos,chrysotile
361,associated,serpentine
362,asbestos,chrysotile
362,associated,serpentine
363,asbestos,chrysotile
363,associated,serpentine
364,asbestos,chrysotile
364,associated,serpentine
365,asbestos,chrysotile
365,associated,serpentine
366,asbestos,chrysotile
366,associated,serpentine
367,asbestos,chrysotile
367,associated,serpentine
368,asbestos,chrysotile
368,associated,serpentine
369,asbestos,chrysotile
369,associated,serpentine
370,asbestos,chrysotile
370,associated,serpentine
371,asbestos,chrysotile
371,associated,serpentine
372,asbestos,chrysotile
372,associated,serpentine
372,associated,magnetite
372,associated,"copper-oxide minerals"
372,associated,garnet
372,associated,epidote
372,associated,tremolite
372,associated,antigorite
373,asbestos,chrysotile
373,associated,serpentine
374,asbestos,chrysotile
374,associated,serpentine
375,asbestos,chrysotile
375,associated,serpentine
376,asbestos,chrysotile
376,associated,serpentine
376,associated,quartz
376,associated,hematite
377,asbestos,actinolite
377,associated,chlorite
377,associated,magnetite
378,asbestos,chrysotile
378,associated,serpentine
379,asbestos,chrysotile
379,associated,serpentine
380,asbestos,chrysotile
380,associated,serpentine
381,asbestos,chrysotile
381,associated,serpentine
382,asbestos,chrysotile
382,associated,serpentine
383,asbestos,chrysotile
384,asbestos,chrysotile
384,associated,serpentine
385,asbestos,chrysotile
385,associated,serpentine
386,associated,serpentine
387,asbestos,chrysotile
387,associated,serpentine
387,associated,manganese
388,asbestos,anthophyllite
388,associated,"hematite (martite)"
389,asbestos,chrysotile
389,associated,serpentine
389,associated,calcite
390,asbestos,crocidolite
390,associated,magnetite
390,associated,hematite
390,associated,apatite
390,associated,pyrite
390,associated,marcasite
390,associated,chlorite
390,associated,calcite
390,associated,actinolite-tremolite
391,asbestos,chrysotile
391,asbestos,clinochrysotile
391,associated,magnesite
391,associated,"serpentine (deweylite)"
391,associated,dolomite
391,associated,calcite
391,associated,quartz
392,asbestos,tremolite
393,asbestos,chrysotile
393,asbestos,tremolite
393,associated,garnet
393,associated,epidote
393,associated,wollastonite
393,associated,fluorite
393,associated,pyrite
393,associated,calcite
393,associated,scheelite
393,associated,serpentine
394,associated,alunite
394,associated,"marble [calc-silicate minerals]"
394,associated,argentite
394,associated,chalcopyrite
394,associated,sphalerite
394,associated,wurtzite
394,associated,pyrite
394,associated,galena
395,asbestos,tremolite
395,associated,calcite
395,associated,potash
395,associated,malachite
395,associated,chalcopyrite
395,associated,azurite
396,associated,dolomite
396,associated,quartz
396,associated,hornblende
396,associated,plagioclase
397,asbestos,actinolite
398,asbestos,tremolite
398,asbestos,actinolite
398,associated,"microcline feldspar"
398,associated,quartz
398,associated,actinolite
398,associated,mica
398,associated,pyrite
399,asbestos,tremolite
399,associated,dolomite
400,asbestos,anthophyllite
400,associated,chlorite
400,associated,enstatite
400,associated,talc
401,asbestos,anthophyllite
401,associated,talc
401,associated,chlorite
401,associated,vermiculite
401,associated,enstatite
401,associated,hornblende
401,associated,hypersthene
401,associated,tremolite
402,asbestos,anthophyllite
402,associated,talc
402,associated,chlorite
402,associated,vermiculite
402,associated,hornblende
402,associated,actinolite
402,associated,mica
403,asbestos,anthophyllite
403,associated,talc
403,associated,enstatite
403,associated,hypersthene
403,associated,bronzite
403,associated,corundum
403,associated,chlorite
403,associated,vermiculite
403,associated,tremolite
404,asbestos,anthophyllite
404,associated,talc
404,associated,chlorite
405,asbestos,anthophyllite
405,associated,enstatite
405,associated,hypersthene
405,associated,talc
406,asbestos,anthophyllite
406,associated,enstatite
406,associated,talc
407,asbestos,anthophyllite
407,associated,talc
407,associated,chlorite
407,associated,vermiculite
407,associated,enstatite
408,asbestos,anthophyllite
408,associated,enstatite
408,associated,hypersthene
408,associated,talc
409,asbestos,anthophyllite
409,associated,talc
410,asbestos,anthophyllite
410,associated,talc
410,associated,enstatite
410,associated,hypersthene
410,associated,corundum
410,associated,pyroxenes
411,asbestos,anthophyllite
411,associated,talc
411,associated,pyroxenes
412,asbestos,anthophyllite
412,associated,talc
413,asbestos,anthophyllite
413,associated,talc
413,associated,enstatite
413,associated,hypersthene
413,associated,olivine
414,asbestos,anthophyllite
414,associated,talc
414,associated,pyroxenes
415,asbestos,anthophyllite
415,associated,talc
416,asbestos,anthophyllite
416,associated,enstatite
416,associated,hypersthene
416,associated,talc
416,associated,actinolite
416,associated,chlorite
417,asbestos,anthophyllite
417,associated,enstatite
417,associated,hypersthene
417,associated,bronzite
417,associated,talc
417,associated,serpentine
417,associated,tourmaline
418,asbestos,anthophyllite
418,associated,talc
418,associated,pyroxenes
419,asbestos,anthophyllite
419,associated,serpentine
419,associated,chlorite
419,associated,garnet
420,associated,serpentine
420,associated,talc
420,associated,magnetite
420,associated,augite
420,associated,olivine
420,associated,magnesite
420,associated,anthophyllite
420,associated,marmolite
421,asbestos,anthophyllite
421,associated,talc
421,associated,olivine
421,associated,enstatite
421,associated,chromite
421,associated,picotite
421,associated,vermiculite
422,associated,pyroxenes
422,associated,talc
422,associated,chlorite
422,associated,amphibole
423,asbestos,anthophyllite
423,associated,talc
423,associated,quartz
423,associated,chromite
424,asbestos,anthophyllite
424,associated,talc
424,associated,quartz
425,asbestos,anthophyllite
426,asbestos,anthophyllite
426,associated,talc
426,associated,olivine
426,associated,serpentine
427,associated,talc
428,asbestos,anthophyllite
428,associated,talc
428,associated,chlorite
428,associated,tremolite
429,asbestos,anthophyllite
429,associated,talc
429,associated,chlorite
430,asbestos,anthophyllite
430,associated,chlorite
430,associated,"amphibole of the hornblende group"
430,associated,olivine
430,associated,magnetite
430,associated,talc
430,associated,carbonates
430,associated,quartz
431,asbestos,anthophyllite
431,associated,talc
431,associated,olivine
432,asbestos,tremolite
432,associated,talc
432,associated,chlorite
432,associated,cummingtonite
432,associated,anthophyllite
432,associated,goethite
432,associated,hematite
432,associated,magnetite
434,asbestos,chrysotile
434,asbestos,anthophyllite
434,associated,antigorite
434,associated,chlorite
434,associated,enstatite
434,associated,talc
435,asbestos,anthophyllite
435,associated,antigorite
435,associated,chlorite
435,associated,enstatite
435,associated,talc
436,asbestos,anthophyllite
436,associated,talc
436,associated,chlorite
436,associated,actinolite
437,asbestos,chrysotile
437,asbestos,anthophyllite
437,associated,talc
437,associated,olivine
437,associated,chlorite
438,asbestos,anthophyllite
438,associated,talc
438,associated,clay
438,associated,chlorite
438,associated,corundum
438,associated,margarite
439,associated,talc
440,associated,talc
441,asbestos,anthophyllite
441,associated,olivine
441,associated,actinolite
441,associated,magnesite
441,associated,talc
441,associated,chlorite
441,associated,serpentine
441,associated,magnetite
441,associated,chromite
442,associated,talc
443,asbestos,anthophyllite
443,associated,talc
443,associated,chlorite
444,asbestos,anthophyllite
444,associated,talc
444,associated,dolomite
444,associated,chlorite
444,associated,serpentine
444,associated,magnetite
444,associated,pyrite
445,asbestos,anthophyllite
445,associated,olivine
445,associated,serpentine
446,asbestos,anthophyllite
446,associated,talc
446,associated,chlorite
447,asbestos,anthophyllite
447,associated,talc
447,associated,corundum
447,associated,chlorite
447,associated,limonite
447,associated,magnetite
448,asbestos,anthophyllite
448,associated,talc
448,associated,olivine
449,associated,talc
451,asbestos,chrysotile
451,associated,garnet
452,asbestos,chrysotile
452,associated,antigorite
452,associated,talc
453,asbestos,anthophyllite
454,asbestos,anthophyllite
454,associated,talc
455,asbestos,anthophyllite
455,associated,talc
455,associated,chlorite
455,associated,olivine
456,asbestos,anthophyllite
456,associated,talc
456,associated,vermiculite
457,asbestos,anthophyllite
458,associated,enstatite
458,associated,olivine
459,asbestos,anthophyllite
459,associated,talc
459,associated,chlorite
459,associated,serpentine
459,associated,magnetite
460,asbestos,anthophyllite
460,associated,olivine
460,associated,diopside
460,associated,antigorite
460,associated,corundum
460,associated,talc
460,associated,vermiculite
460,associated,chromite
461,associated,olivine
462,asbestos,anthophyllite
463,asbestos,anthophyllite
463,associated,vermiculite
463,associated,chlorite
464,asbestos,anthophyllite
464,associated,olivine
464,associated,magnetite
464,associated,chromite
464,associated,"tremolite or cummingtonite"
464,associated,magnesite
464,associated,chlorite
464,associated,talc
465,associated,talc
466,asbestos,anthophyllite
466,associated,vermiculite
466,associated,olivine
466,associated,enstatite
467,asbestos,anthophyllite
467,associated,talc
467,associated,chlorite
467,associated,corundum
468,asbestos,anthophyllite
468,associated,talc
468,associated,chlorite
468,associated,vermiculite
469,asbestos,anthophyllite
469,associated,corundum
469,associated,chlorite
469,associated,talc
469,associated,olivine
469,associated,serpentine
469,associated,amphibole
469,associated,magnetite
470,asbestos,anthophyllite
470,associated,corundum
470,associated,olivine
470,associated,serpentine
470,associated,talc
470,associated,vermiculite
471,associated,talc
471,associated,corundum
471,associated,serpentine
472,asbestos,anthophyllite
472,associated,chlorite
472,associated,olivine
472,associated,serpentine
472,associated,vermiculite
472,associated,talc
473,asbestos,chrysotile
473,asbestos,anthophyllite
473,associated,antigorite
473,associated,olivine
473,associated,enstatite
473,associated,chromite
473,associated,magnetite
473,associated,talc
473,associated,chlorite
473,associated,anorthite
473,associated,rutile
473,associated,tourmaline
473,associated,allanite
473,associated,apatite
473,associated,zoisite
473,associated,biotite
473,associated,vermiculite
473,associated,actinolite
473,associated,corundum
473,associated,hornblende
473,associated,epidote
474,asbestos,anthophyllite
474,associated,serpentine
474,associated,actinolite
474,associated,tremolite
474,associated,talc
474,associated,chromite
475,asbestos,anthophyllite
475,associated,olivine
475,associated,clinochlore
475,associated,talc
476,asbestos,chrysotile
476,associated,serpentine
477,asbestos,chrysotile
478,associated,talc
479,asbestos,anthophyllite
479,associated,talc
480,asbestos,tremolite
481,asbestos,chrysotile
481,associated,picrolite
481,associated,williamsite
481,associated,antigorite
481,associated,talc
481,associated,psilomelane
482,asbestos,anthophyllite
482,associated,rutile
483,asbestos,anthophyllite
483,associated,talc
483,associated,actinolite-tremolite
483,associated,chlorite
483,associated,magnetite
484,asbestos,tremolite
485,asbestos,chrysotile
486,asbestos,actinolite
488,asbestos,chrysotile
488,associated,serpentine
488,associated,magnesite
488,associated,opal
488,associated,deweylite
488,associated,chalcedony
488,associated,quartz
488,associated,calcite
488,associated,chromite
488,associated,rutile
488,associated,garnierite
488,associated,chlorite
488,associated,dolomite
488,associated,limonite
488,associated,magnetite
489,asbestos,chrysotile
489,associated,chromite
489,associated,talc
489,associated,kammererite
489,associated,"chromian antigorite"
489,associated,serpentine
489,associated,rhodochrome
489,associated,brucite
489,associated,magnesite
489,associated,limonite
489,associated,williamsite
489,associated,picrolite
489,associated,baltimorite
489,associated,chalcedony
490,associated,quartz
490,associated,chalcedony
490,associated,opal
490,associated,magnetite
490,associated,hematite
490,associated,tourmaline
490,associated,graphite
490,associated,jasper
490,associated,pyrolusite
490,associated,goethite
490,associated,chromite
490,associated,deweylite
490,associated,magnesite
490,associated,marmolite
490,associated,bronzite
490,associated,enstatite
490,associated,talc
491,asbestos,chrysotile
491,asbestos,anthophyllite
491,associated,talc
491,associated,antigorite
491,associated,vermiculite
491,associated,actinolite
491,associated,ankerite
491,associated,dolomite
491,associated,calcite
491,associated,chlorite
491,associated,chromite
491,associated,magnesite
491,associated,limonite
492,associated,actinolite
492,associated,talc
492,associated,epidote
492,associated,smaragdite
493,asbestos,tremolite
493,asbestos,anthophyllite
494,asbestos,tremolite
494,asbestos,anthophyllite
494,associated,talc
494,associated,dolomite
494,associated,calcite
494,associated,actinolite
494,associated,limonite
494,associated,malachite
494,associated,tetrahedrite
494,associated,picrolite
494,associated,quartz
494,associated,psilomelane
495,associated,serpentine
495,associated,talc
495,associated,pyrite
495,associated,albite
496,asbestos,chrysotile
496,associated,antigorite
496,associated,talc
496,associated,chromite
496,associated,calcite
497,asbestos,chrysotile
498,asbestos,chrysotile
498,associated,antigorite
498,associated,magnetite
498,associated,chlorite
498,associated,carbonate
499,asbestos,chrysotile
499,associated,serpentine
499,associated,magnetite
499,associated,olivine
499,associated,pyroxene
499,associated,amphibole
499,associated,chlorite
499,associated,muscovite
500,asbestos,chrysotile
500,associated,serpentine
500,associated,magnetite
500,associated,magnesite
500,associated,olivine
500,associated,pyroxene
500,associated,amphibole
501,asbestos,chrysotile
501,associated,picrolite
501,associated,diallage
501,associated,pyrite
501,associated,magnetite
502,asbestos,chrysotile
502,asbestos,clinochrysotile
502,associated,serpentine
502,associated,chlorite
502,associated,magnesite
502,associated,talc
502,associated,carbonate
502,associated,chromite
502,associated,muscovite
502,associated,olivine
502,associated,orthopyroxene
502,associated,epidote
502,associated,sulfides
503,asbestos,chrysotile
503,asbestos,clinochrysotile
503,associated,serpentine
503,associated,chlorite
503,associated,magnesite
503,associated,talc
503,associated,carbonate
503,associated,chromite
503,associated,muscovite
503,associated,olivine
503,associated,orthopyroxene
503,associated,epidote
503,associated,sulfides
504,asbestos,chrysotile
504,asbestos,clinochrysotile
504,associated,serpentine
504,associated,chlorite
504,associated,magnesite
504,associated,talc
504,associated,carbonate
504,associated,chromite
504,associated,muscovite
504,associated,olivine
504,associated,orthopyroxene
504,associated,epidote
504,associated,sulfides
505,asbestos,chrysotile
505,asbestos,clinochrysotile
505,associated,serpentine
505,associated,talc
505,associated,magnesite(?)
505,associated,magnetite
505,associated,clinopyroxene
505,associated,olivine
506,asbestos,chrysotile
506,asbestos,clinochrysotile
506,associated,serpentine
506,associated,magnesite(?)
506,associated,talc
506,associated,magnetite
507,asbestos,chrysotile
507,asbestos,clinochrysotile
507,associated,serpentine
507,associated,magnetite
507,associated,talc
507,associated,olivine
508,asbestos,chrysotile
508,asbestos,clinochrysotile
508,associated,serpentine
508,associated,magnesite(?)
508,associated,magnetite
509,asbestos,chrysotile
509,asbestos,clinochrysotile
509,associated,serpentine
509,associated,chlorite
509,associated,magnesite
509,associated,talc
509,associated,carbonate
509,associated,chromite
509,associated,muscovite
509,associated,olivine
509,associated,orthopyroxene
509,associated,epidote
509,associated,sulfides
510,asbestos,chrysotile
510,asbestos,clinochrysotile
510,associated,serpentine
510,associated,chlorite
510,associated,magnesite
510,associated,talc
510,associated,carbonate
510,associated,chromite
510,associated,muscovite
510,associated,olivine
510,associated,orthopyroxene
510,associated,epidote
510,associated,sulfides
511,asbestos,chrysotile
511,associated,serpentine
511,associated,dolomite
511,associated,talc
511,associated,magnetite
511,associated,pyrite
512,asbestos,chrysotile
512,associated,serpentine
512,associated,dolomite
512,associated,talc
512,associated,magnetite
512,associated,pyrite
513,asbestos,chrysotile
513,asbestos,clinochrysotile
513,associated,serpentine
513,associated,carbonate
513,associated,talc
513,associated,magnetite
514,associated,serpentine
515,associated,serpentine
516,asbestos,chrysotile
516,associated,serpentine
516,associated,carbonate
516,associated,talc
516,associated,magnetite
517,asbestos,chrysotile
517,associated,serpentine
517,associated,carbonate
517,associated,talc
517,associated,magnetite
518,asbestos,chrysotile
518,associated,serpentine
518,associated,carbonate
518,associated,talc
518,associated,magnetite
519,asbestos,chrysotile
519,associated,serpentine
519,associated,carbonate
519,associated,talc
519,associated,magnetite
520,asbestos,chrysotile
520,associated,antigorite
520,associated,magnesite
520,associated,magnetite
520,associated,chromite
521,asbestos,anthophyllite
521,associated,talc
522,asbestos,anthophyllite
522,associated,tremolite
522,associated,olivine
522,associated,chlorite
522,associated,talc
522,associated,serpentine
522,associated,magnesite
522,associated,magnetite
522,associated,limonite
523,asbestos,anthophyllite
524,asbestos,anthophyllite
524,associated,chlorite
524,associated,vermiculite
525,asbestos,anthophyllite
525,associated,enstatite
525,associated,olivine
525,associated,corundum
526,asbestos,anthophyllite
526,associated,chlorite
526,associated,vermiculite
526,associated,tourmaline
526,associated,garnet
527,asbestos,anthophyllite
528,asbestos,anthophyllite
528,associated,enstatite
528,associated,talc
528,associated,chlorite
528,associated,serpentine
528,associated,olivine
528,associated,magnetite
528,associated,chromite
528,associated,pyrite
529,asbestos,anthophyllite
529,associated,corundum
529,associated,chlorite
529,associated,vermiculite
529,associated,olivine
529,associated,tremolite
529,associated,talc
529,associated,limonite
529,associated,magnetite
529,associated,magnesite
530,asbestos,anthophyllite
530,associated,corundum
530,associated,talc
530,associated,magnesite
530,associated,serpentine
530,associated,olivine
530,associated,tremolite
530,associated,chlorite
530,associated,magnetite
530,associated,chromite
530,associated,limonite
531,asbestos,anthophyllite
531,associated,enstatite
531,associated,tremolite
531,associated,talc
531,associated,chlorite
531,associated,actinolite
531,associated,olivine
532,asbestos,anthophyllite
532,associated,enstatite
533,asbestos,anthophyllite
533,associated,olivine
533,associated,chromite
533,associated,magnetite
533,associated,talc
533,associated,chlorite
533,associated,vermiculite
534,asbestos,anthophyllite
535,asbestos,anthophyllite
535,associated,corundum
535,associated,enstatite
535,associated,olivine
535,associated,talc
535,associated,chlorite
535,associated,serpentine
535,associated,magnetite
536,asbestos,anthophyllite
536,associated,corundum
536,associated,enstatite
536,associated,magnesite
536,associated,magnetite
538,asbestos,anthophyllite
538,associated,vermiculite
538,associated,talc
539,asbestos,anthophyllite
540,associated,talc
541,asbestos,anthophyllite
542,asbestos,anthophyllite
542,associated,talc
542,associated,chlorite
542,associated,vermiculite
543,asbestos,anthophyllite
544,asbestos,anthophyllite
544,associated,talc
545,asbestos,anthophyllite
545,associated,talc
545,associated,chlorite
546,asbestos,chrysotile
546,associated,olivine
546,associated,vermiculite
546,associated,chlorite
546,associated,chromite
546,associated,antigorite
547,asbestos,anthophyllite
547,associated,olivine
548,asbestos,anthophyllite
548,associated,vermiculite
548,associated,talc
548,associated,tourmaline
549,asbestos,anthophyllite
549,associated,chromite
549,associated,talc
549,associated,vermiculite
550,asbestos,anthophyllite
550,associated,chromite
550,associated,talc
550,associated,chlorite
551,asbestos,chrysotile
551,associated,olivine
551,associated,antigorite
551,associated,talc
551,associated,bronzite
551,associated,chromite
551,associated,magnetite
551,associated,chlorite
552,asbestos,anthophyllite
552,associated,serpentine
552,associated,olivine
552,associated,magnetite
552,associated,chlorite
552,associated,magnesite
552,associated,talc
553,asbestos,anthophyllite
553,associated,chlorite
553,associated,talc
553,associated,magnetite
553,associated,olivine
553,associated,serpentine
554,asbestos,anthophyllite
554,associated,olivine
554,associated,serpentine
554,associated,chlorite
555,asbestos,anthophyllite
555,associated,tremolite
555,associated,olivine
555,associated,magnetite
555,associated,talc
556,asbestos,anthophyllite
556,associated,enstatite
556,associated,talc
556,associated,olivine
556,associated,chlorite
556,associated,serpentine
556,associated,magnetite
556,associated,chromite
556,associated,vermiculite
557,asbestos,anthophyllite
558,asbestos,anthophyllite
558,associated,olivine
558,associated,talc
558,associated,vermiculite
558,associated,chromite
558,associated,enstatite
558,associated,tremolite
558,associated,antigorite
558,associated,"ferroan phlogopite"
558,associated,bronzite
558,associated,chlorite
559,asbestos,anthophyllite
559,associated,talc
559,associated,chlorite
559,associated,vermiculite
559,associated,magnetite
559,associated,limonite
560,asbestos,anthophyllite
561,asbestos,chrysotile
561,asbestos,anthophyllite
561,associated,olivine
561,associated,serpentine
562,asbestos,anthophyllite
562,associated,talc
562,associated,serpentine
562,associated,olivine
562,associated,chlorite
562,associated,"tremolite and/or actinolite"
562,associated,chromite
563,asbestos,anthophyllite
564,asbestos,anthophyllite
565,asbestos,anthophyllite
565,associated,talc
565,associated,enstatite
566,asbestos,anthophyllite
566,associated,enstatite
566,associated,bronzite
566,associated,talc
566,associated,vermiculite
566,associated,olivine
566,associated,antigorite
566,associated,chlorite
566,associated,chromite
567,asbestos,chrysotile
567,associated,serpentine
568,asbestos,chrysotile
568,associated,enstatite
568,associated,talc
568,associated,chromite
569,asbestos,chrysotile
569,associated,enstatite
569,associated,olivine
569,associated,talc
569,associated,chlorite
571,asbestos,crocidolite
572,asbestos,crocidolite
573,asbestos,actinolite
573,associated,hornblende
573,associated,andesine
573,associated,clinopyroxene
573,associated,magnetite
573,associated,apatite
573,associated,chlorite
574,asbestos,crocidolite
575,asbestos,tremolite
575,asbestos,actinolite
575,associated,serpentine
575,associated,molybdenite
575,associated,pyrrhotite
575,associated,diopside
575,associated,calcite
575,associated,dolomite
577,asbestos,chrysotile
577,asbestos,clinochrysotile
577,associated,lizardite
577,associated,chlorite
577,associated,dolomite
577,associated,calcite
577,associated,chromite
577,associated,talc
577,associated,aragonite
577,associated,brucite
577,associated,chalcedony
577,associated,hydromagnesite
577,associated,magnesite
577,associated,magnetite
577,associated,anthophyllite
578,asbestos,chrysotile
578,associated,serpentine
578,associated,chlorite
578,associated,dolomite
578,associated,calcite
578,associated,chromite
578,associated,talc
578,associated,aragonite
578,associated,brucite
578,associated,hydromagnesite
578,associated,magnesite
578,associated,magnetite
578,associated,anthophyllite
579,asbestos,crocidolite
580,asbestos,actinolite
580,associated,albite
580,associated,calcite
580,associated,chlorite
580,associated,epidote
580,associated,magnetite
580,associated,chalcopyrite
580,associated,pyrite
580,associated,sphene
580,associated,galena
580,associated,malachite
580,associated,barite
580,associated,garnet
580,associated,apophyllite
580,associated,prehnite
581,asbestos,crocidolite
581,associated,feldspar
581,associated,hornblende
581,associated,quartz
581,associated,riebeckite-magnesioriebeckite
582,asbestos,chrysotile
582,associated,serpentine
582,associated,calcite
582,associated,graphite
582,associated,phlogopite
583,asbestos,crocidolite
583,associated,albite
583,associated,chlorite
584,asbestos,tremolite
585,asbestos,actinolite
586,asbestos,actinolite
586,associated,pyroxene
586,associated,albite
586,associated,clinopyroxene
586,associated,sphene
586,associated,plagioclase
586,associated,chlorite
587,asbestos,actinolite
587,associated,albite
587,associated,hornblende
587,associated,chlorite
587,associated,epidote
587,associated,clay
588,asbestos,actinolite
589,associated,talc
590,asbestos,tremolite
590,asbestos,actinolite
590,associated,dolomite
590,associated,magnetite
590,associated,"iron-oxide minerals"
590,associated,talc
590,associated,chlorite
591,asbestos,richterite
591,associated,hornblende
591,associated,epidote
591,associated,"potassium feldspar"
591,associated,chlorite
592,associated,magnetite
592,associated,apatite
592,associated,hornblende
592,associated,calcite
592,associated,feldspar
593,associated,serpentine
593,associated,pyroxene
594,asbestos,chrysotile
594,associated,diopside
594,associated,serpentine
594,associated,pyroxene
594,associated,phlogopite
594,associated,dolomite
594,associated,calcite
594,associated,magnetite
595,asbestos,actinolite
596,associated,magnetite
596,associated,pyrite
596,associated,calcite
596,associated,talc
596,associated,quartz
596,associated,pyroxene
597,asbestos,chrysotile
597,asbestos,actinolite
597,associated,pyroxene
597,associated,hornblende
597,associated,serpentine
597,associated,calcite
597,associated,dolomite
597,associated,magnetite
597,associated,chondrodite
597,associated,mica
598,asbestos,actinolite
599,asbestos,chrysotile
600,asbestos,chrysotile
600,associated,phlogopite
600,associated,serpentine
600,associated,calcite
601,asbestos,chrysotile
602,asbestos,chrysotile
602,asbestos,tremolite
602,asbestos,actinolite
603,asbestos,chrysotile
604,asbestos,chrysotile
604,asbestos,tremolite
604,asbestos,actinolite
605,asbestos,tremolite
605,asbestos,actinolite
606,asbestos,chrysotile
606,asbestos,tremolite
606,asbestos,actinolite
606,asbestos,crocidolite
607,asbestos,tremolite
607,asbestos,actinolite
607,associated,calcite
607,associated,dolomite
607,associated,limonite
607,associated,hematite
607,associated,chlorite
607,associated,talc
607,associated,phlogopite
607,associated,graphite
607,associated,sericite
608,asbestos,chrysotile
608,associated,lizardite
609,asbestos,chrysotile
609,associated,lizardite
610,asbestos,chrysotile
610,associated,lizardite
610,associated,talc
611,asbestos,chrysotile
611,associated,lizardite
611,associated,antigorite
611,associated,talc
612,asbestos,chrysotile
612,associated,lizardite
613,asbestos,chrysotile
613,asbestos,anthophyllite
613,associated,serpentine
613,associated,lizardite
613,associated,talc
614,asbestos,chrysotile
614,associated,lizardite
614,associated,talc
614,associated,carbonates
615,asbestos,chrysotile
615,associated,lizardite
615,associated,anthophyllite
615,associated,talc
615,associated,carbonates
615,associated,olivine
615,associated,"opaque oxides"
616,asbestos,chrysotile
616,associated,lizardite
616,associated,talc
617,asbestos,chrysotile
617,asbestos,anthophyllite
617,associated,lizardite
617,associated,talc
617,associated,carbonates
617,associated,olivine
617,associated,"opaque oxides"
618,asbestos,chrysotile
618,associated,lizardite
618,associated,talc
618,associated,carbonates
618,associated,"opaque oxides"
619,asbestos,chrysotile
619,asbestos,anthophyllite
619,associated,lizardite
620,asbestos,chrysotile
620,associated,serpentine
621,asbestos,chrysotile
621,asbestos,anthophyllite
621,associated,lizardite
621,associated,serpentine
621,associated,talc
621,associated,"opaque oxides"
622,asbestos,chrysotile
622,associated,lizardite
622,associated,talc
622,associated,"opaque oxides"
623,asbestos,chrysotile
623,associated,lizardite
624,asbestos,chrysotile
624,asbestos,anthophyllite
624,associated,serpentine
624,associated,lizardite
624,associated,talc
624,associated,carbonates
624,associated,"opaque oxides"
624,associated,olivine
625,asbestos,chrysotile
625,associated,serpentine
625,associated,pyroxene
625,associated,calcite
625,associated,dolomite
625,associated,chromite
625,associated,magnetite
625,associated,tremolite
625,associated,limonite
625,associated,spinel
625,associated,brucite
625,associated,chalcedony
625,associated,magnesite
626,asbestos,chrysotile
626,asbestos,actinolite
626,asbestos,crocidolite
626,associated,magnetite
626,associated,pyrrhotite
626,associated,microcline
626,associated,bronzite
626,associated,hornblende
626,associated,enstatite
626,associated,tremolite
626,associated,tourmaline
626,associated,calcite
626,associated,dolomite
627,asbestos,chrysotile
627,associated,serpentine
627,associated,dolomite
628,asbestos,chrysotile
628,associated,serpentine
628,associated,dolomite
629,associated,serpentine
629,associated,dolomite
630,asbestos,tremolite
630,asbestos,anthophyllite
630,associated,talc
630,associated,tremolite
630,associated,anthophyllite
630,associated,dolomite
630,associated,calcite
630,associated,diopside
630,associated,serpentine
630,associated,quartz
630,associated,gypsum
630,associated,chlorite
630,associated,tirodite
631,asbestos,chrysotile
632,associated,serpentine
632,associated,chromite
632,associated,chalcedony
632,associated,garnierite
632,associated,williamsite
632,associated,magnetite
633,asbestos,chrysotile
633,asbestos,clinochrysotile
633,associated,lizardite
633,associated,talc
633,associated,olivine
633,associated,actinolite
633,associated,pyroxene
633,associated,chromite
633,associated,magnetite
634,associated,serpentine
634,associated,chromite
634,associated,magnetite
634,associated,williamsite
634,associated,picrolite
634,associated,magnesite
634,associated,kammererite
635,associated,serpentine
635,associated,anthophyllite
636,asbestos,chrysotile
636,associated,lizardite
636,associated,anthophyllite
636,associated,chromite
636,associated,talc
636,associated,olivine
636,associated,pyroxene
636,associated,chlorite
637,asbestos,chrysotile
637,asbestos,crocidolite
638,asbestos,chrysotile
638,associated,antigorite
638,associated,lizardite
638,associated,anthophyllite
638,associated,talc
638,associated,olivine
638,associated,pyroxene
638,associated,chromite
638,associated,chlorite
638,associated,calcite
639,asbestos,chrysotile
639,asbestos,clinochrysotile
639,associated,stevensite
639,associated,hydromagnesite
639,associated,dolomite
639,associated,brookite
639,associated,magnetite
639,associated,chromite
639,associated,magnesite
639,associated,zaratite
640,asbestos,chrysotile
640,asbestos,clinochrysotile
641,asbestos,chrysotile
641,associated,lizardite
641,associated,talc
641,associated,olivine
641,associated,chromite
641,associated,pyroxene
641,associated,magnetite
641,associated,chlorite
641,associated,kammererite
641,associated,zaratite
642,asbestos,chrysotile
642,associated,lizardite
642,associated,antigorite
642,associated,talc
642,associated,calcite
642,associated,olivine
642,associated,pyroxene
643,asbestos,chrysotile
643,associated,antigorite
643,associated,lizardite
643,associated,talc
643,associated,olivine
643,associated,pyroxene
643,associated,chromite
643,associated,magnetite
644,asbestos,crocidolite
644,associated,azurite
644,associated,calcite
644,associated,chlorite
644,associated,"native copper"
644,associated,cuprite
644,associated,epidote
644,associated,malachite
644,associated,quartz
645,asbestos,tremolite
646,asbestos,chrysotile
646,associated,serpentine
646,associated,talc
646,associated,magnetite
647,asbestos,chrysotile
647,associated,serpentine
648,associated,serpentine
648,associated,talc
648,associated,clinochlore
649,associated,enstatite
649,associated,serpentine
649,associated,quartz
649,associated,talc
650,associated,actinolite
650,associated,tremolite
650,associated,hornblende
650,associated,serpentine
650,associated,chlorite
650,associated,talc
650,associated,quartz
651,asbestos,chrysotile
651,associated,serpentine
653,asbestos,chrysotile
654,associated,serpentine
654,associated,enstatite
654,associated,anthophyllite
654,associated,chlorite
655,asbestos,chrysotile
655,associated,enstatite
655,associated,bronzite
655,associated,hypersthene
655,associated,actinolite
655,associated,diaclasite
655,associated,chlorite
655,associated,serpentine
655,associated,talc
655,associated,apatite
655,associated,chromite
655,associated,zircon
655,associated,quartz
656,asbestos,chrysotile
656,associated,serpentine
656,associated,chromite
656,associated,magnetite
656,associated,anthophyllite
656,associated,chlorite
656,associated,talc
656,associated,quartz
656,associated,limonite
657,asbestos,chrysotile
657,associated,serpentine
657,associated,chromite
657,associated,epidote
657,associated,talc
657,associated,magnetite
657,associated,deweylite
657,associated,calcite
657,associated,aragonite
657,associated,magnesite
658,asbestos,anthophyllite
658,associated,olivine
658,associated,enstatite
658,associated,hypersthene
658,associated,tremolite
658,associated,talc
658,associated,serpentine
658,associated,limonite
658,associated,chalcedony
659,asbestos,chrysotile
659,associated,serpentine
660,associated,serpentine
660,associated,actinolite
660,associated,chromite
660,associated,magnetite
660,associated,chalcedony
661,asbestos,chrysotile
661,associated,serpentine
661,associated,enstatite
661,associated,chromite
661,associated,vermiculite
661,associated,sepiolite
661,associated,genthite
661,associated,quartz
661,associated,chalcedony
662,associated,serpentine
662,associated,talc
664,associated,enstatite
664,associated,hypersthene
664,associated,serpentine
664,associated,talc
664,associated,prochlorite
664,associated,dolomite
664,associated,bornite
664,associated,millerite
665,associated,enstatite
665,associated,anthophyllite
665,associated,actinolite
665,associated,serpentine
665,associated,talc
665,associated,magnetite
665,associated,quartz
666,asbestos,actinolite
667,associated,serpentine
667,associated,actinolite
667,associated,tremolite
667,associated,hornblende
667,associated,chlorite
667,associated,talc
667,associated,dolomite
667,associated,fluorite?
667,associated,chalcopyrite
667,associated,magnetite
667,associated,chromite
668,asbestos,crocidolite
669,asbestos,chrysotile
669,asbestos,actinolite
670,asbestos,tremolite
671,asbestos,chrysotile
671,asbestos,tremolite
672,asbestos,crocidolite
672,associated,microperthite
672,associated,quartz
672,associated,aegirine
672,associated,riebeckite
678,associated,soapstone
679,associated,magnetite
679,associated,chlorite
679,associated,talc
679,associated,dolomite
679,associated,tremolite
680,associated,magnetite
680,associated,chlorite
680,associated,talc
680,associated,dolomite
680,associated,tremolite
681,associated,ilmenite
682,associated,mica
682,associated,vermiculite
683,asbestos,anthophyllite
684,asbestos,anthophyllite
685,asbestos,anthophyllite
687,asbestos,anthophyllite
687,associated,pyroxene
687,associated,hornblende
687,associated,olivine
690,associated,"copper minerals"
691,asbestos,chrysotile
691,associated,serpentine
693,asbestos,actinolite
693,associated,talc
696,asbestos,anthophyllite
697,associated,"native copper"
697,associated,carbonates
697,associated,chalcopyrite
697,associated,malachite
697,associated,cuprite
697,associated,epidote
697,associated,quartz
697,associated,calcite
698,associated,epidote
698,associated,"native copper"
698,associated,quartz
698,associated,"copper oxides"
699,associated,epidote
699,associated,quartz
699,associated,malachite
699,associated,"native copper"
699,associated,azurite
699,associated,jasper
700,associated,malachite
700,associated,azurite
700,associated,bornite
700,associated,epidote
700,associated,quartz
700,associated,calcite
700,associated,serpentine
700,associated,feldspar
701,asbestos,tremolite
701,asbestos,actinolite
702,asbestos,anthophyllite
702,associated,tremolite
703,asbestos,actinolite
703,associated,quartz
703,associated,feldspar
703,associated,chlorite
703,associated,epidote
703,associated,carbonate
704,asbestos,chrysotile
704,asbestos,tremolite
704,asbestos,actinolite
704,associated,antigorite
704,associated,serpentine
704,associated,clinopyroxene
704,associated,talc
704,associated,magnetite
704,associated,chromite
704,associated,olivine
704,associated,chlorite
705,associated,quartz
707,asbestos,chrysotile
707,asbestos,tremolite
707,asbestos,actinolite
707,associated,serpentine
707,associated,talc
707,associated,malachite
707,associated,chlorite
707,associated,magnetite
708,associated,calcite
709,asbestos,chrysotile
709,associated,serpentine
709,associated,olivine
710,asbestos,actinolite
710,asbestos,anthophyllite
710,associated,serpentine
710,associated,talc
710,associated,dolomite
710,associated,calcite
710,associated,chlorite
710,associated,biotite
710,associated,magnetite
710,associated,jimthompsonite
710,associated,clinojimthompsonite
710,associated,chesterite
710,associated,tourmaline
710,associated,pyrite
710,associated,apatite
710,associated,pyrrhotite
710,associated,quartz
710,associated,spinel
711,asbestos,chrysotile
711,associated,serpentine
711,associated,olivine
712,asbestos,tremolite
712,associated,serpentine
712,associated,talc
712,associated,carbonate
712,associated,chlorite
713,associated,serpentine
713,associated,talc
713,associated,carbonate
714,asbestos,chrysotile
714,associated,serpentine
714,associated,dolomite
714,associated,chlorite
714,associated,magnetite
714,associated,actinolite
714,associated,talc
714,associated,chalcopyrite
714,associated,pyrite
714,associated,quartz
714,associated,titanite
715,associated,serpentine
715,associated,talc
715,associated,carbonate
716,asbestos,chrysotile
716,associated,antigorite
716,associated,magnesite
716,associated,dolomite
716,associated,chromite
716,associated,magnetite
716,associated,talc
716,associated,olivine
716,associated,pyroxene
717,asbestos,chrysotile
717,associated,antigorite
717,associated,magnesite
717,associated,dolomite
717,associated,chromite
717,associated,magnetite
717,associated,talc
717,associated,olivine
717,associated,pyroxene
718,asbestos,chrysotile
718,associated,antigorite
718,associated,magnesite
718,associated,dolomite
718,associated,talc
718,associated,magnetite
718,associated,chromite
718,associated,olivine
718,associated,pyroxene
718,associated,chlorite
719,asbestos,chrysotile
719,associated,antigorite
719,associated,lizardite
719,associated,olivine
719,associated,magnesite
719,associated,talc
719,associated,quartz
719,associated,chlorite
719,associated,magnetite
719,associated,calcite
719,associated,brucite
719,associated,dolomite
719,associated,pyroxene
719,associated,chromite
719,associated,anthophyllite
719,associated,graphite
720,asbestos,chrysotile
720,associated,antigorite
720,associated,lizardite
720,associated,olivine
720,associated,magnesite
720,associated,talc
720,associated,quartz
720,associated,chlorite
720,associated,magnetite
720,associated,calcite
720,associated,brucite
720,associated,dolomite
720,associated,pyroxene
720,associated,chromite
720,associated,anthophyllite
720,associated,graphite
721,asbestos,chrysotile
721,associated,antigorite
721,associated,lizardite
721,associated,olivine
721,associated,magnesite
721,associated,talc
721,associated,quartz
721,associated,chlorite
721,associated,magnetite
721,associated,calcite
721,associated,brucite
721,associated,dolomite
721,associated,pyroxene
721,associated,chromite
721,associated,anthophyllite
721,associated,graphite
722,asbestos,chrysotile
722,associated,antigorite
722,associated,lizardite
722,associated,olivine
722,associated,magnesite
722,associated,talc
722,associated,quartz
722,associated,chlorite
722,associated,magnetite
722,associated,calcite
722,associated,brucite
722,associated,dolomite
722,associated,pyroxene
722,associated,chromite
722,associated,anthophyllite
722,associated,graphite
723,asbestos,chrysotile
723,asbestos,tremolite
723,asbestos,actinolite
723,associated,antigorite
723,associated,lizardite
723,associated,olivine
723,associated,magnesite
723,associated,talc
723,associated,quartz
723,associated,chlorite
723,associated,magnetite
723,associated,calcite
723,associated,brucite
723,associated,dolomite
723,associated,pyroxene
723,associated,chromite
723,associated,anthophyllite
723,associated,graphite
724,asbestos,chrysotile
724,associated,antigorite
724,associated,magnetite
724,associated,carbonate
724,associated,brucite
724,associated,talc
724,associated,olivine
724,associated,chromite
724,associated,pyroxene
724,associated,chlorite
725,asbestos,chrysotile
725,associated,antigorite
725,associated,magnetite
725,associated,carbonate
725,associated,brucite
725,associated,talc
725,associated,olivine
725,associated,chromite
725,associated,pyroxene
725,associated,chlorite
726,asbestos,chrysotile
726,associated,antigorite
726,associated,magnetite
726,associated,carbonate
726,associated,brucite
726,associated,talc
726,associated,olivine
726,associated,chromite
726,associated,pyroxene
726,associated,chlorite
727,asbestos,chrysotile
727,associated,antigorite
727,associated,magnetite
727,associated,carbonate
727,associated,brucite
727,associated,talc
727,associated,olivine
727,associated,chromite
727,associated,pyroxene
727,associated,chlorite
728,asbestos,chrysotile
728,associated,talc
728,associated,magnesite
728,associated,antigorite
728,associated,magnetite
728,associated,chlorite
729,asbestos,chrysotile
729,associated,antigorite
729,associated,magnetite
729,associated,carbonate
729,associated,brucite
729,associated,talc
729,associated,olivine
729,associated,chromite
729,associated,pyroxene
729,associated,chlorite
730,asbestos,chrysotile
730,associated,antigorite
730,associated,magnetite
730,associated,carbonate
730,associated,brucite
730,associated,talc
730,associated,olivine
730,associated,chromite
730,associated,pyroxene
730,associated,chlorite
731,asbestos,winchite
731,asbestos,richterite
731,asbestos,riebeckite
731,associated,aegirine
731,associated,tremolite-actinolite
731,associated,augite
731,associated,phlogopite
731,associated,vermiculite
731,associated,dolomite
731,associated,calcite
731,associated,barite
731,associated,apatite
731,associated,magnetite
732,asbestos,crocidolite
732,associated,quartz
732,associated,orthoclase
732,associated,"sodic plagioclase"
732,associated,aegirine
732,associated,rutile
732,associated,calcite
732,associated,chlorite
732,associated,"ferruginous clay mineral"
732,associated,phlogopite
732,associated,hematite
732,associated,biotite
734,asbestos,winchite
734,associated,pyroxene
734,associated,quartz
734,associated,feldspar
734,associated,calcite
734,associated,galena
734,associated,pyrite
734,associated,sphalerite
735,asbestos,chrysotile
736,asbestos,tremolite
736,associated,hornblende
736,associated,biotite
736,associated,vermiculite
736,associated,chlorite
736,associated,serpentine
736,associated,olivine
737,asbestos,tremolite
737,associated,antigorite
737,associated,talc
737,associated,magnesite
737,associated,chlorite
737,associated,actinolite
738,asbestos,tremolite
738,asbestos,anthophyllite
738,associated,antigorite
738,associated,talc
738,associated,chlorite
738,associated,"iron oxides"
739,asbestos,anthophyllite
739,associated,talc
739,associated,olivine
739,associated,magnetite
739,associated,chromite
739,associated,spinel
739,associated,antigorite
739,associated,kammererite(?)
739,associated,magnesite(?)
739,associated,pyrite
739,associated,tremolite
739,associated,clinochlore
740,asbestos,anthophyllite
740,associated,olivine
740,associated,enstatite
740,associated,tremolite
740,associated,talc
742,asbestos,anthophyllite
742,associated,talc
742,associated,serpentine
742,associated,enstatite
742,associated,tremolite
742,associated,olivine
743,asbestos,actinolite
743,associated,galena
744,asbestos,chrysotile
744,associated,antigorite
744,associated,aragonite
745,asbestos,chrysotile
745,associated,"serpentine minerals"
746,asbestos,anthophyllite
746,associated,serpentine
746,associated,talc
746,associated,chlorite
746,associated,phlogopite
746,associated,tremolite
746,associated,magnetite
746,associated,hornblende
746,associated,"calcic plagioclase"
747,asbestos,chrysotile
747,associated,antigorite
747,associated,lizardite
747,associated,amphibole
747,associated,orthopyroxene
747,associated,olivine
747,associated,clinopyroxene
747,associated,chromite
747,associated,talc
747,associated,chlorite
747,associated,phlogopite
747,associated,carbonates
747,associated,epidote
748,asbestos,chrysotile
748,asbestos,anthophyllite
748,associated,"serpentine minerals"
749,associated,"serpentine minerals"
750,associated,"serpentine minerals"
751,associated,"serpentine minerals"
752,associated,quartz
752,associated,graphite
752,associated,malachite
752,associated,chalcanthite
752,associated,limonite
753,asbestos,anthophyllite
753,associated,amphibole
754,asbestos,anthophyllite
754,associated,antigorite
754,associated,chromite
754,associated,talc
754,associated,limonite
754,associated,cummingtonite
754,associated,chlorite
754,associated,actinolite-tremolite
755,asbestos,anthophyllite
755,associated,"serpentine (antigorite)"
755,associated,pyroxene
755,associated,actinolite
756,associated,serpentine
757,asbestos,anthophyllite
758,associated,garnet
758,associated,epidote
758,associated,siderite
758,associated,serpentine
758,associated,calcite
758,associated,magnetite
758,associated,quartz
758,associated,limonite
758,associated,hematite
758,associated,bornite
758,associated,galena
759,asbestos,tremolite
759,asbestos,winchite
759,asbestos,richterite
759,associated,calcite
759,associated,talc
759,associated,dolomite
759,associated,K-feldspar
759,associated,pyroxene
759,associated,hydrobiotite
759,associated,quartz
759,associated,vermiculite
759,associated,biotite
759,associated,magnesioriebeckite
759,associated,magnesio-arfvedsonite
760,asbestos,tremolite
761,asbestos,tremolite
761,asbestos,anthophyllite
761,associated,autunite
762,asbestos,tremolite
762,associated,quartz
762,associated,chlorite
762,associated,muscovite
762,associated,calcite
762,associated,pyrite
762,associated,hematite
762,associated,chalcopyrite
762,associated,sphalerite
762,associated,galena
762,associated,tetradymite
762,associated,gold
762,associated,arsenopyrite
762,associated,tourmaline
762,associated,"copper and bismuth carbonates"
763,asbestos,chrysotile
763,asbestos,actinolite
763,associated,quartz
763,associated,galena
763,associated,pyrite
763,associated,altaite
763,associated,sphalerite
763,associated,rickardite
764,asbestos,chrysotile
764,associated,serpentine
764,associated,talc
764,associated,calcite
765,asbestos,chrysotile
765,asbestos,actinolite
766,asbestos,actinolite
766,associated,magnetite
766,associated,hematite
766,associated,limonite
766,associated,calcite
766,associated,tremolite
766,associated,azurite
766,associated,malachite
766,associated,pyrite
767,asbestos,chrysotile
767,associated,serpentine
768,asbestos,anthophyllite
768,associated,serpentine
768,associated,chlorite
769,asbestos,chrysotile
769,associated,serpentine
769,associated,magnetite
769,associated,carbonate
770,asbestos,chrysotile
770,associated,vermiculite
770,associated,talc
770,associated,anthophyllite
771,asbestos,chrysotile
771,associated,serpentine
771,associated,olivine
771,associated,quartz
771,associated,magnetite
772,asbestos,chrysotile
772,associated,serpentine
772,associated,magnetite
772,associated,quartz
772,associated,talc
773,asbestos,chrysotile
773,associated,serpentine
773,associated,vermiculite
774,asbestos,chrysotile
774,associated,serpentine
774,associated,vermiculite
774,associated,chlorite
774,associated,"fibrous tremolite"
774,associated,"fibrous anthophyllite"
774,associated,actinolite
774,associated,talc
774,associated,carbonates
774,associated,magnetite
774,associated,biotite
774,associated,hornblende
775,asbestos,chrysotile
775,associated,serpentine
775,associated,olivine
775,associated,quartz
775,associated,carbonate
776,associated,serpentine
776,associated,calcite
776,associated,pyrite
776,associated,chalcopyrite
777,asbestos,chrysotile
777,associated,serpentine
777,associated,chlorite
777,associated,magnetite
777,associated,quartz
778,associated,"fibrous talc"
779,asbestos,chrysotile
779,asbestos,clinochrysotile
779,associated,serpentine
779,associated,olivine
779,associated,clinopyroxene
779,associated,phlogopite
779,associated,chromite
779,associated,perovskite
779,associated,magnetite
779,associated,priderite
779,associated,amphibole
780,asbestos,chrysotile
780,associated,serpentine
780,associated,olivine
780,associated,phlogopite
780,associated,calcite
780,associated,magnetite
781,asbestos,chrysotile
781,associated,olivine
781,associated,antigorite
781,associated,lizardite
781,associated,phlogopite
781,associated,richterite
781,associated,magnetite
782,asbestos,chrysotile
783,asbestos,chrysotile
784,asbestos,chrysotile
784,associated,antigorite
784,associated,dolomite
784,associated,pigeonite
784,associated,"fibrous tremolite"
784,associated,actinolite
784,associated,anthophyllite
784,associated,diopside
784,associated,phlogopite
784,associated,pyrrhotite
784,associated,pyrite
784,associated,chalcopyrite
784,associated,ilmenite
784,associated,quartz
784,associated,zoisite
784,associated,talc
784,associated,magnetite
785,asbestos,actinolite
785,associated,quartz
785,associated,magnetite
785,associated,garnet
785,associated,chlorite
786,asbestos,chrysotile
786,associated,serpentine
786,associated,dolomite
787,asbestos,chrysotile
787,associated,serpentine
787,associated,augite
787,associated,hypersthene
787,associated,olivine
787,associated,magnetite
787,associated,hematite
787,associated,dolomite
787,associated,kaolinite
788,asbestos,chrysotile
788,asbestos,clinochrysotile
789,asbestos,crocidolite
789,associated,quartz
789,associated,siderite
789,associated,"iron-silicate minerals"
790,asbestos,actinolite
791,asbestos,actinolite
791,asbestos,crocidolite
792,asbestos,actinolite
793,asbestos,actinolite
794,asbestos,actinolite
794,asbestos,cummingtonite
794,asbestos,grunerite
795,asbestos,richterite
795,associated,talc
795,associated,chlorite
795,associated,dolomite
795,associated,quartz
796,asbestos,richterite
796,associated,talc
796,associated,"carbonate minerals"
796,associated,quartz
797,asbestos,actinolite
797,associated,talc
797,associated,calcite
797,associated,tremolite
797,associated,quartz
797,associated,montmorillonite
798,asbestos,crocidolite
798,asbestos,winchite
798,asbestos,richterite
798,associated,talc
798,associated,dolomite
798,associated,richterite
798,associated,"white mica"
798,associated,quartz
799,asbestos,crocidolite
799,asbestos,winchite
799,asbestos,richterite
799,associated,talc
799,associated,dolomite
799,associated,richterite
799,associated,"white mica"
799,associated,quartz
800,asbestos,chrysotile
800,associated,serpentine
800,associated,magnetite
800,associated,zaratite
801,associated,serpentine
801,associated,magnetite
801,associated,anthophyllite
801,associated,pyroxene
801,associated,talc
801,associated,vermiculite
802,associated,serpentine
802,associated,talc
802,associated,anthophyllite
802,associated,tremolite
802,associated,magnetite
803,asbestos,chrysotile
804,asbestos,chrysotile
804,associated,antigorite
804,associated,"carbonate minerals (dolomite or magnesite)"
804,associated,magnetite
804,associated,chromite
804,associated,chlorite
1001,associated,talc
1001,associated,serpentine
1002,asbestos,tremolite
1002,associated,talc
1002,associated,magnetite
1002,associated,chlorite
1003,associated,"jasperoid (silica)"
1003,associated,sphalerite
1003,associated,galena
1003,associated,brucite
1003,associated,calcite
1003,associated,palygorskite
1003,associated,pyrite
1003,associated,pyrrhotite
1003,associated,jamesonite
1003,associated,barite
1004,asbestos,winchite
1004,asbestos,richterite
1004,asbestos,riebeckite
1005,asbestos,actinolite
1005,associated,talc
1005,associated,serpentine
1006,asbestos,tremolite
1007,asbestos,tremolite
1008,associated,ferroaxinite
1008,associated,albite
1008,associated,calcite
1008,associated,chlorite
1008,associated,epidote
1008,associated,quartz
1009,asbestos,anthophyllite
1009,associated,antigorite
1009,associated,pyroxene
1009,associated,talc
1009,associated,tremolite
1009,associated,actinolite
1009,associated,biotite
1009,associated,chlorite
1009,associated,olivine
1009,associated,plagioclase
1009,associated,hornblende
1009,associated,biotite
1009,associated,quartz
1009,associated,magnetite
1009,associated,apatite
1009,associated,vermiculite
1010,asbestos,tremolite
1010,associated,diopside
1010,associated,phlogopite
1010,associated,spinel
1010,associated,"grossularite garnet"
1010,associated,clinohumite
1010,associated,anorthite
1011,asbestos,tremolite
1011,associated,piedmontite
1011,associated,quartz
1013,associated,quartz
1013,associated,stilpnomelane
1013,associated,crossite
1013,associated,aegerite
1013,associated,pyrite
1013,associated,deerite
1013,associated,zussmanite
1013,associated,"and garnet with riebeckite; stilpnomelane"
1013,associated,zussmanite
1013,associated,quartz
1013,associated,"oligonite with grunerite"
1014,asbestos,tremolite
1014,associated,talc
1014,associated,nephrite
1015,asbestos,actinolite
1015,associated,nephrite
1016,asbestos,tremolite
1016,asbestos,anthophyllite
1016,associated,hematite
1016,associated,magnetite
1016,associated,"and numerous other minerals--see Harder (1912"
1016,associated,"p. 73-77)"
1017,asbestos,actinolite
1018,associated,albite
1018,associated,benitoite
1018,associated,neptunite
1018,associated,"joaquinite-group minerals"
1019,asbestos,tremolite
1019,associated,diopside
1020,associated,olivine
1020,associated,hornblende
1020,associated,hypersthene
1020,associated,feldspar
1020,associated,pyrrhotite
1021,asbestos,tremolite
1022,asbestos,cummingtonite
1022,associated,plagioclase
1022,associated,hornblende
1022,associated,biotite
1022,associated,hypersthene
1022,associated,quartz
1022,associated,ilmenite
1022,associated,apatite
1022,associated,sphene
1022,associated,rutile
1023,associated,albite
1079,associated,quartz
1079,associated,garnet
1079,associated,epidote
1079,associated,sphalerite
1079,associated,arsenopyrite
1079,associated,calcite
1079,associated,bournonite
1081,associated,chlorite
1081,associated,epidote
1081,associated,pyrite
1084,associated,plagioclase
1084,associated,pyroxene
1084,associated,hornblende
1084,associated,biotite
1084,associated,"potassium feldspar"
1084,associated,quartz
1084,associated,calcite
1084,associated,pyrite
1084,associated,apatite
1084,associated,magnetite
1084,associated,sphene
1084,associated,chlorite
1085,associated,garnet
1085,associated,quartz
1085,associated,hematite
1087,associated,"other metamorphic minerals"""" (McKnight"
1087,associated,1974
1087,associated,"p. 68)"
1088,asbestos,richterite
1088,associated,calcite
1088,associated,dolomite
1088,associated,apatite
1088,associated,biotite
1088,associated,"iron-titanium oxides"
1088,associated,barite
1088,associated,pyroxene
1088,associated,pyrite
1089,asbestos,tremolite
1089,associated,diopside
1089,associated,epidote
1089,associated,garnet
1089,associated,biotite
1089,associated,wernerite
1089,associated,actinolite
1089,associated,magnetite
1089,associated,hematite
1089,associated,pyrite
1089,associated,chalcopyrite
1090,asbestos,tremolite
1090,associated,diopside
1090,associated,piemontite
1090,associated,"other calc-silicates"""" (Eckel"
1090,associated,1997
1090,associated,"p. 497)"
1091,asbestos,anthophyllite
1091,associated,cummingtonite
1091,associated,phlogopite
1091,associated,apatite
1091,associated,quartz
1091,associated,calcite
1091,associated,sulfides
1091,associated,magnetite
1092,asbestos,actinolite
1092,associated,augite
1092,associated,biotite
1092,associated,vermiculite
1092,associated,feldspar
1092,associated,magnetite
1092,associated,sphene
1092,associated,pyrite
1092,associated,chalcopyrite
1093,asbestos,actinolite
1094,asbestos,actinolite
1094,associated,chalcopyrite
1094,associated,"unknown Ag- and Au-bearing minerals"
1094,associated,galena
1094,associated,garnet
1094,associated,epidote
1094,associated,chlorite
1094,associated,albite
1094,associated,calcite
1094,associated,quartz
1095,asbestos,actinolite
1096,asbestos,actinolite
1096,associated,magnetite
1096,associated,hematite
1096,associated,garnet
1096,associated,pyrite
1096,associated,fluorite
1096,associated,chalcopyrite
1096,associated,cuprite
1096,associated,malachite
1096,associated,quartz
1096,associated,calcite
1096,associated,diopside
1097,asbestos,tremolite
1097,associated,scheelite
1097,associated,andradite
1097,associated,spessartine
1097,associated,actinolite
1097,associated,epidote
1097,associated,quartz
1097,associated,calcite
1098,asbestos,actinolite
1099,asbestos,tremolite
1100,asbestos,actinolite
1100,associated,plagioclase
1100,associated,albite
1100,associated,saussurite
1100,associated,labradorite
1100,associated,andesine
1100,associated,quartz
1100,associated,hornblende
1100,associated,augite
1100,associated,chlorite
1100,associated,calcite
1100,associated,epidote
1100,associated,magnetite
1101,asbestos,riebeckite
1101,associated,magnetite
1101,associated,chert
1101,associated,siderite
1101,associated,ankerite
1101,associated,minnesotaite
1101,associated,stilpnomelane
1101,associated,chlorite
1101,associated,biotite
1102,asbestos,actinolite
1102,associated,"sodic plagioclase"
1102,associated,carbonates
1102,associated,magnetite
1102,associated,quartz
1102,associated,"secondary iron oxides"
1103,asbestos,tremolite
1103,associated,anthonyite
1103,associated,calumetite
1103,associated,quartz
1103,associated,epidote
1103,associated,monazite
1103,associated,"native copper"
1103,associated,cuprite
1103,associated,paratacamite
1103,associated,"numerous unidentified basic copper chlorides"
1104,asbestos,cummingtonite
1104,asbestos,grunerite
1105,associated,mangansericite
1105,associated,"clay minerals"
1105,associated,feldspar
1105,associated,quartz
1105,associated,alunite
1105,associated,fluorite
1107,asbestos,actinolite
1107,associated,calcite
1107,associated,quartz
1107,associated,phlogopite
1108,asbestos,cummingtonite
1108,associated,garnet
1108,associated,hornblende
1108,associated,quartz
1108,associated,feldspar
1109,asbestos,cummingtonite
1109,associated,garnet
1109,associated,hornblende
1109,associated,quartz
1109,associated,feldspar
