Reference,Region,Study design,Fauna,Interaction,Vegetation response,Mean value at High Fauna,SD at High Fauna,High Fauna N,Mean value at Low Fauna,SD at Low Fauna,Low Fauna N
"Anderson, S.H., Kelly, D., Ladley, J.J., Molloy, S., Terry, J. (2011) Cascading effects of bird functional extinction reduce pollination and plant density. Science 331, 1068-1071",Australasia and Oceania,Observed,Birds,Pollination,Species density,33.6,24.82,5,12.9,3.46,3
"Anzures-Dadda, A., Andresen, E., martinez, M.L., Manson, R.H. (2011) Absence of howlers (Alouatta paalliata) influences tree seedling densities in tropical rain forest fragments in southern Mexico. International Journal of Primatology. 32, 634-651",Neotropics,Observed,Primates,Seed dispersal,Species density,0.97,0.14,2,0.04,0.02,2
"Anzures-Dadda, A., Andresen, E., martinez, M.L., Manson, R.H. (2011) Absence of howlers (Alouatta paalliata) influences tree seedling densities in tropical rain forest fragments in southern Mexico. International Journal of Primatology. 32, 634-651",Neotropics,Observed,Primates,Seed dispersal,Species density,0.006,0.01,2,0.03,0.02,2
"Anzures-Dadda, A., Andresen, E., martinez, M.L., Manson, R.H. (2011) Absence of howlers (Alouatta paalliata) influences tree seedling densities in tropical rain forest fragments in southern Mexico. International Journal of Primatology. 32, 634-651",Neotropics,Observed,Primates,Seed dispersal,Species density,0.99,0.17,2,0.06,0.02,2
"Anzures-Dadda, A., Andresen, E., martinez, M.L., Manson, R.H. (2011) Absence of howlers (Alouatta paalliata) influences tree seedling densities in tropical rain forest fragments in southern Mexico. International Journal of Primatology. 32, 634-651",Neotropics,Observed,Primates,Seed dispersal,Species density,0.127,0.05,2,0.016,0.01,2
"Anzures-Dadda, A., Andresen, E., martinez, M.L., Manson, R.H. (2011) Absence of howlers (Alouatta paalliata) influences tree seedling densities in tropical rain forest fragments in southern Mexico. International Journal of Primatology. 32, 634-651",Neotropics,Observed,Primates,Seed dispersal,Species density,0.15,0.06,2,0.023,0.01,2
"Anzures-Dadda, A., Andresen, E., martinez, M.L., Manson, R.H. (2011) Absence of howlers (Alouatta paalliata) influences tree seedling densities in tropical rain forest fragments in southern Mexico. International Journal of Primatology. 32, 634-651",Neotropics,Observed,Primates,Seed dispersal,Species density,0.038,0.04,2,0.045,0.02,2
"Anzures-Dadda, A., Andresen, E., martinez, M.L., Manson, R.H. (2011) Absence of howlers (Alouatta paalliata) influences tree seedling densities in tropical rain forest fragments in southern Mexico. International Journal of Primatology. 32, 634-651",Neotropics,Observed,Primates,Seed dispersal,Species density,0.021,0.01,2,0.0105,0.01,2
"Asquith, N.M., Terborgh, J., Arnold, A.E., Riveros, N., Carolina, N. (1999)The fruits the agouti ate: Hymenaea courbaril seed fate when its disperser is absent. Journal of Tropical Ecology 15, 229-235",Neotropics,Observed,Rodents,Seed dispersal,Species density,22,22.86,12,1.33,2.32,12
"Bongi, P., Tomaselli, M., Petraglia, A., Tintori, D. and Carbognanai, M. (2017) Wild boar impact on forest regeneration in the northern Apennines (Italy). Forest Ecology and Management. 391, 230-238 ",Europe,Manipulated,Ungulates,Herbivory,Community density,3.28,1.83,4,7.75,3.46,4
"Bongi, P., Tomaselli, M., Petraglia, A., Tintori, D. and Carbognanai, M. (2017) Wild boar impact on forest regeneration in the northern Apennines (Italy). Forest Ecology and Management. 391, 230-238 ",Europe,Manipulated,Ungulates,Herbivory,Community density,7.36,2.37,4,8.76,2.885,4
"Bongi, P., Tomaselli, M., Petraglia, A., Tintori, D. and Carbognanai, M. (2017) Wild boar impact on forest regeneration in the northern Apennines (Italy). Forest Ecology and Management. 391, 230-238 ",Europe,Manipulated,Ungulates,Herbivory,Community density,1.2,0.26,4,3.26,0.97,4
"Bongi, P., Tomaselli, M., Petraglia, A., Tintori, D. and Carbognanai, M. (2017) Wild boar impact on forest regeneration in the northern Apennines (Italy). Forest Ecology and Management. 391, 230-238 ",Europe,Manipulated,Ungulates,Herbivory,Community density,3.48,1.83,4,11.63,3.72,4
"Bongi, P., Tomaselli, M., Petraglia, A., Tintori, D. and Carbognanai, M. (2017) Wild boar impact on forest regeneration in the northern Apennines (Italy). Forest Ecology and Management. 391, 230-238 ",Europe,Manipulated,Ungulates,Herbivory,Community density,7.5,2.37,4,12.65,2.395,4
"Bongi, P., Tomaselli, M., Petraglia, A., Tintori, D. and Carbognanai, M. (2017) Wild boar impact on forest regeneration in the northern Apennines (Italy). Forest Ecology and Management. 391, 230-238 ",Europe,Manipulated,Ungulates,Herbivory,Community density,1.37,0.41,4,5.61,0.795,4
"Brocardo, C.R., Zipparro, V.B., de Lima, R.A.F., Guevara, R., and Galetti, M. (2013). No changes in seedling recruitment when terrestrial mammals are excluded in a partially defaunated Atlantic rainforest. Biological Conservation 163, 107-114.",Neotropics,Manipulated,Multiple,Non-specific,Community richness,13.8,6.2,15,13.1,5.81,15
"Calle-Rendon, B.R., Peck, M., Bennett, S.E., Morelos-Juarez, C., and Alfonso, F. (2016). Comparison of forest regeneration in two sites with different primate abundances in Northwestern Ecuador. Revista De Biologia Tropical 64, 493-506.",Neotropics,Observed,Primates,Seed dispersal,Community richness,3,1.46,30,1.6,1.47,30
"Calle-Rendon, B.R., Peck, M., Bennett, S.E., Morelos-Juarez, C., and Alfonso, F. (2016). Comparison of forest regeneration in two sites with different primate abundances in Northwestern Ecuador. Revista De Biologia Tropical 64, 493-506.",Neotropics,Observed,Primates,Seed dispersal,Community density,3.8,1.9,30,1.9,2.15,30
"Camargo-Sanabria, A.A., Mendoza, E., Guevaraa, R., martinez-Ramos, M., Dirzo, R. 2015)Experimental defaunation of terrestrial mammalian herbivores alters tropical rainforest understorey diversity. Proceedings of the Royal Society B 282: 20142580",Neotropics,Manipulated,Multiple,Non-specific,Community density,19.48,22.05,25,29.13,27.25,25
"Chaves, O.M., Arroyo-Rodriguez, V., Martinez-Ramos, M., and Stoner, K.E. (2015). Primate Extirpation From Rainforest Fragments Does Not Appear to Influence Seedling Recruitment. American Journal of Primatology 77, 468-478.",Neotropics,Observed,Primates,Seed dispersal,Community density,692,271,3,797.5,166,3
"Chaves, O.M., Arroyo-Rodriguez, V., Martinez-Ramos, M., and Stoner, K.E. (2015). Primate Extirpation From Rainforest Fragments Does Not Appear to Influence Seedling Recruitment. American Journal of Primatology 77, 468-478.",Neotropics,Observed,Primates,Seed dispersal,Community richness,37.4,1.6,3,44.3,2.1,3
"Cramer, J.M., Mesquita, R.C.G., Bentos, T.V., Moser, B., Williamson, G.B., 2007. )Forest fragmentation reduces seed dispersal of Duckeodendron cestroides, a Central Amazon endemic. Biotropica 39: 709-718",Neotropics,Observed,Multiple,Seed dispersal,Species dispersion,2.41,1.98,6,0.55,1.08,5
"Dexter, N., Hudson, M., James, S., MacGregor, C. & Lindenmayer, D.B. (2013))Unintended consequences of invasive predator control in an Australian forest: overabundant wallabies and vegetation change. PLoS ONE 8, e69087.",Australasia and Oceania,Manipulated,Marsupials,Herbivory,Species density,7.6,8.91,18,9.7,11.03,18
"Dexter, N., Hudson, M., James, S., MacGregor, C. & Lindenmayer, D.B. (2013))Unintended consequences of invasive predator control in an Australian forest: overabundant wallabies and vegetation change. PLoS ONE 8, e69087.",Australasia and Oceania,Manipulated,Marsupials,Herbivory,Species density,0.76,2.21,18,4.64,6.75,18
"Dexter, N., Hudson, M., James, S., MacGregor, C. & Lindenmayer, D.B. (2013))Unintended consequences of invasive predator control in an Australian forest: overabundant wallabies and vegetation change. PLoS ONE 8, e69087.",Australasia and Oceania,Manipulated,Marsupials,Herbivory,Species density,2.68,3.78,18,4.36,7.09,18
"Dexter, N., Hudson, M., James, S., MacGregor, C. & Lindenmayer, D.B. (2013))Unintended consequences of invasive predator control in an Australian forest: overabundant wallabies and vegetation change. PLoS ONE 8, e69087.",Australasia and Oceania,Manipulated,Marsupials,Herbivory,Species density,5.19,3.9,18,6.11,5.39,18
"Effiom, E.O., Nunez-Iturri, G., Smith, H.G., Ottosson, U., and Olsson, O. (2013). Bushmeat hunting changes regeneration of African rainforests. Proceedings of the Royal Society B-Biological Sciences 280.",Africa,Observed,Multiple,Seed dispersal,Community density,3.13,0.56,3,1.3,0.25,3
"Effiom, E.O., Nunez-Iturri, G., Smith, H.G., Ottosson, U., and Olsson, O. (2013). Bushmeat hunting changes regeneration of African rainforests. Proceedings of the Royal Society B-Biological Sciences 280.",Africa,Observed,Multiple,Seed dispersal,Community density,1.22,0.23,3,2.24,0.42,3
"Effiom, E.O., Nunez-Iturri, G., Smith, H.G., Ottosson, U., and Olsson, O. (2013). Bushmeat hunting changes regeneration of African rainforests. Proceedings of the Royal Society B-Biological Sciences 280.",Africa,Observed,Multiple,Seed dispersal,Community density,0.51,0.11,3,2.39,0.44,3
"Effiom, E.O., Nunez-Iturri, G., Smith, H.G., Ottosson, U., and Olsson, O. (2013). Bushmeat hunting changes regeneration of African rainforests. Proceedings of the Royal Society B-Biological Sciences 280.",Africa,Observed,Multiple,Seed dispersal,Community density,7.26,1.22,3,2.88,0.62,3
"Effiom, E.O., Nunez-Iturri, G., Smith, H.G., Ottosson, U., and Olsson, O. (2013). Bushmeat hunting changes regeneration of African rainforests. Proceedings of the Royal Society B-Biological Sciences 280.",Africa,Observed,Multiple,Seed dispersal,Community density,1.08,0.33,3,4.65,0.86,3
"Effiom, E.O., Nunez-Iturri, G., Smith, H.G., Ottosson, U., and Olsson, O. (2013). Bushmeat hunting changes regeneration of African rainforests. Proceedings of the Royal Society B-Biological Sciences 280.",Africa,Observed,Multiple,Seed dispersal,Community density,0.69,0.24,3,9.28,1.51,3
"Feeley, K.J., and Terborgh, J.W. (2005). The effects of herbivore density on soil nutrients and tree growth in tropical forest fragments. Ecology 86, 116-124.",Neotropics,Observed,Primates,Herbivory,Biomass ,0.215,0.07,4,0.017,0.08,5
"Foster, C.N., Barton, P.S., Sato, C.F., Wood, J.T., MacGregor, C.I., and Lindenmayer, D.B. (2016). Herbivory and fire interact to affect forest understory habitat, but not its use by small vertebrates. Animal Conservation 19, 15-25.",Australasia and Oceania,Manipulated,Marsupials,Herbivory,Vegetation cover,27.6,10.8,4,31.9,10.1,4
"Foster, C.N., Barton, P.S., Sato, C.F., Wood, J.T., MacGregor, C.I., and Lindenmayer, D.B. (2016). Herbivory and fire interact to affect forest understory habitat, but not its use by small vertebrates. Animal Conservation 19, 15-25.",Australasia and Oceania,Manipulated,Marsupials,Herbivory,Vegetation cover,20.9,10.6,4,31.9,10.3,4
"Ganzhorn, J.U., Fietz, J., Rakotovao, E., Schwab, D., and Zinner, D. (1999). Lemurs and the regeneration of dry deciduous forest in Madagascar. Conservation Biology 13, 794-804.",Africa,Observed,Primates,Seed dispersal,Community density,171,42.71,8,99.2,19.84,7
"Ganzhorn, J.U., Fietz, J., Rakotovao, E., Schwab, D., and Zinner, D. (1999). Lemurs and the regeneration of dry deciduous forest in Madagascar. Conservation Biology 13, 794-804.",Africa,Observed,Primates,Seed dispersal,Community richness,29.4,9.93,8,21.2,7.54,7
"Gomez, J.M., and Hodar, J.A. (2008). Wild boars (Sus scrofa) affect the recruitment rate and spatial distribution of holm oak (Quercus ilex). Forest Ecology and Management 256, 1384-1389.",Europe,Manipulated,Ungulates,Multiple,Species density,0.82,0.11,2,1.54,0.19,2
"Graham, L. L. B. and Page, S. E. (2012) Artificial bird perches for the regeneration of degraded tropical peat swamp forest : a restoration tool with limited potential. Restoration Ecology. 20, 631-637 ",Asia,Manipulated,Birds,Seed dispersal,Community density,0.71,0.87,8,2.21,3.59,8
"Graham, L. L. B. and Page, S. E. (2012) Artificial bird perches for the regeneration of degraded tropical peat swamp forest : a restoration tool with limited potential. Restoration Ecology. 20, 631-637 ",Asia,Manipulated,Birds,Seed dispersal,Community density,2.42,6.28,8,5.89,8.82,8
"Gutierrez-Granados, G., and Dirzo, R. (2010). Indirect effects of timber extraction on plant recruitment and diversity via reductions in abundance of frugivorous spider monkeys. Journal of Tropical Ecology 26, 45-52.",Neotropics,Observed,Primates,Seed dispersal,Community richness,12.2,9.15,19,7.2,7.33,21
"Hanson, T., Brunsfeld, S., Finegan, B. 2006)Variation in seedling density and seed predation indicators for the emergent tree Dipteryx panaamensis in continuous and fragmented rainforest. Biotropica 38: 770-774",Neotropics,Observed,Multiple,Seed predation,Species density,0.063,0.3,33,3.51,4.95,12
"Ickes, K., Dewalt, S.J., Appanah, S. (2001) Effects of native pigs (Sus scrofa) on woody understorey vegetation in a Malaysian lowland rain forest. Journal of Tropical Ecology 17, 191-206",Asia,Manipulated,Ungulates,Multiple,Community density,75.5,50.35,8,117.5,59.4,8
"Ickes, K., Dewalt, S.J., Appanah, S. (2001) Effects of native pigs (Sus scrofa) on woody understorey vegetation in a Malaysian lowland rain forest. Journal of Tropical Ecology 17, 191-206",Asia,Manipulated,Ungulates,Multiple,Community density,14.9,23.76,8,48.8,29.98,8
"Ickes, K., Dewalt, S.J., Appanah, S. (2001) Effects of native pigs (Sus scrofa) on woody understorey vegetation in a Malaysian lowland rain forest. Journal of Tropical Ecology 17, 191-206",Asia,Manipulated,Ungulates,Multiple,Community richness,50.6,3,8,55.7,2.97,8
"Keuroghlian, A., Eaton, D.P. (2009) Removal of palm fruits and ecosystem engineering in palm stands by white-lipped peccaries (Tayassu pecari) and other frugivores in an isolated forest fragment. Biodiversity & Conservation 18: 1733-1750",Neotropics,Manipulated,Multiple,Multiple,Species density,1.56,2.44,10,1.66,2.34,10
"Keuroghlian, A., Eaton, D.P. (2009) Removal of palm fruits and ecosystem engineering in palm stands by white-lipped peccaries (Tayassu pecari) and other frugivores in an isolated forest fragment. Biodiversity & Conservation 18: 1733-1750",Neotropics,Manipulated,Multiple,Multiple,Community density,10.3,11.7,10,38.1,38,10
"Kurten, E.L., and Carson, W.P. (2015). Do Ground-Dwelling Vertebrates Promote Diversity in a Neotropical Forest? Results from a Long-Term Exclosure Experiment. Bioscience 65, 862-870.",Neotropics,Manipulated,Multiple,Non-specific,Community density,1.38,0.25,8,2.26,0.74,8
"Kurten, E.L., and Carson, W.P. (2015). Do Ground-Dwelling Vertebrates Promote Diversity in a Neotropical Forest? Results from a Long-Term Exclosure Experiment. Bioscience 65, 862-870.",Neotropics,Manipulated,Multiple,Non-specific,Community density,20.4,9.05,8,36,13.29,8
"Kurten, E.L., and Carson, W.P. (2015). Do Ground-Dwelling Vertebrates Promote Diversity in a Neotropical Forest? Results from a Long-Term Exclosure Experiment. Bioscience 65, 862-870.",Neotropics,Manipulated,Multiple,Non-specific,Community density,96.7,11.31,8,99,9.62,8
"Kurten, E.L., and Carson, W.P. (2015). Do Ground-Dwelling Vertebrates Promote Diversity in a Neotropical Forest? Results from a Long-Term Exclosure Experiment. Bioscience 65, 862-870.",Neotropics,Manipulated,Multiple,Non-specific,Community density,60.7,5.94,8,62.4,9.33,8
"Lagendijk, D.D.G., Mackey, R.L., Page, B.R., Slotow, R. (2011)The effects of herbivory by a mega- and mesoherbivore on tree recruitment in Sand forest, South Africa. PLoS ONE 6: e17983",Africa,Manipulated,Multiple,Herbivory,Community density,4951,4177.85,12,7316.5,6518.68,12
"Lagendijk, D.D.G., Mackey, R.L., Page, B.R., Slotow, R. (2011)The effects of herbivory by a mega- and mesoherbivore on tree recruitment in Sand forest, South Africa. PLoS ONE 6: e17983",Africa,Manipulated,Multiple,Herbivory,Community density,1989,2268.46,12,2832,2810.57,12
"Lermyte, C., and Forget, P.M. (2009). Rapid assessment of dispersal failure and seedling recruitment of large-seeded non-timber forest products trees in a tropical rainforest. Tropical Conservation Science 2, 404-424.",Neotropics,Observed,Multiple,Multiple,Species dispersion,49.92,24.46,4,27.735,11.26,4
"Meers, T., Adams, R. (2003) The impact of grazing by eastern grey kangaroos (Macropus giganteus) on vegetation recovery after fire at Reef Hills Regional Park, Victoria. Ecol. Manage. Restor. 4, 126-132",Australasia and Oceania,Manipulated,Marsupials,Herbivory,Community density,0.58,0.58,4,9.15,6.44,4
"Meers, T., Adams, R. (2003) The impact of grazing by eastern grey kangaroos (Macropus giganteus) on vegetation recovery after fire at Reef Hills Regional Park, Victoria. Ecol. Manage. Restor. 4, 126-132",Australasia and Oceania,Manipulated,Marsupials,Herbivory,Community richness,3.63,0.78,4,4.82,1.06,4
"Michel, N.L., Carson, W.P., and Sherry, T.W. (2015). Do Collared Peccaries Negatively Impact Understory Insectivorous Rain Forest Birds Indirectly Via Lianas and Vines? Biotropica 47, 745-757.",Neotropics,Manipulated,Ungulates,Soil/litter disturbance,Vegetation cover,93.63,1.38,4,94.6,0.8,4
"Michel, N.L., Carson, W.P., and Sherry, T.W. (2015). Do Collared Peccaries Negatively Impact Understory Insectivorous Rain Forest Birds Indirectly Via Lianas and Vines? Biotropica 47, 745-757.",Neotropics,Manipulated,Ungulates,Soil/litter disturbance,Vegetation cover,93.48,1.26,4,94.88,0.9,4
"Michel, N.L., Carson, W.P., and Sherry, T.W. (2015). Do Collared Peccaries Negatively Impact Understory Insectivorous Rain Forest Birds Indirectly Via Lianas and Vines? Biotropica 47, 745-757.",Neotropics,Manipulated,Ungulates,Soil/litter disturbance,Vegetation cover,96.2,0.6,5,96.56,0.69,5
"Nuñez-Iturri, G., Howe, H.F. (2007) Bushmeat and the fate of trees with seeds dispersed by large primates in a lowland rain forest in Western Amazonia, Biotropica 39, 348-354",Neotropics,Observed,Primates,Seed dispersal,Community richness,16.5,2.68,5,7.5,1.57,5
"Nuñez-Iturri, G., Howe, H.F. (2007) Bushmeat and the fate of trees with seeds dispersed by large primates in a lowland rain forest in Western Amazonia, Biotropica 39, 348-354",Neotropics,Observed,Primates,Seed dispersal,Community richness,27.1,3.13,5,36.2,3.8,5
"Nuñez-Iturri, G., Howe, H.F. (2007) Bushmeat and the fate of trees with seeds dispersed by large primates in a lowland rain forest in Western Amazonia, Biotropica 39, 348-354",Neotropics,Observed,Primates,Seed dispersal,Community richness,3.8,1.01,5,6.1,1.01,5
"Nuñez-Iturri, G., Howe, H.F. (2007) Bushmeat and the fate of trees with seeds dispersed by large primates in a lowland rain forest in Western Amazonia, Biotropica 39, 348-354",Neotropics,Observed,Primates,Seed dispersal,Community density,26.6,4.7,5,11.2,1.34,5
"Nuñez-Iturri, G., Howe, H.F. (2007) Bushmeat and the fate of trees with seeds dispersed by large primates in a lowland rain forest in Western Amazonia, Biotropica 39, 348-354",Neotropics,Observed,Primates,Seed dispersal,Community density,45.6,7.38,5,67.5,8.05,5
"Nuñez-Iturri, G., Howe, H.F. (2007) Bushmeat and the fate of trees with seeds dispersed by large primates in a lowland rain forest in Western Amazonia, Biotropica 39, 348-354",Neotropics,Observed,Primates,Seed dispersal,Community density,5.8,2.46,5,10.7,3.58,5
"Nuñez-Iturri, G., Olsson, O., Howe, H.F. (2008) Hunting reduces recruitment of primate-dispersed trees in Amazonian Peru. Biological Conservation 141, 1536-1546",Neotropics,Observed,Primates,Seed dispersal,Community richness,1.58,2.08,30,0.63,1.31,30
"Nuñez-Iturri, G., Olsson, O., Howe, H.F. (2008) Hunting reduces recruitment of primate-dispersed trees in Amazonian Peru. Biological Conservation 141, 1536-1546",Neotropics,Observed,Primates,Seed dispersal,Community richness,1.63,0.22,30,1.8,2.08,30
"Nuñez-Iturri, G., Olsson, O., Howe, H.F. (2008) Hunting reduces recruitment of primate-dispersed trees in Amazonian Peru. Biological Conservation 141, 1536-1546",Neotropics,Observed,Primates,Seed dispersal,Community density,1.84,8.38,30,0.78,6.02,30
"Nuñez-Iturri, G., Olsson, O., Howe, H.F. (2008) Hunting reduces recruitment of primate-dispersed trees in Amazonian Peru. Biological Conservation 141, 1536-1546",Neotropics,Observed,Primates,Seed dispersal,Community density,2.82,9.97,30,11.21,18.68,30
"O'Kane, C.A.J., Duffy, K.J., Page, B.R., Macdonald, D.W. (2012) Heavy impact on seedlings by the impala suggests a central role in woodland dynamics. Journal of Tropical Ecology 28: 291-297",Africa,Observed,Ungulates,Herbivory,Community density,0.124,0.3,100,0.202,0.49,100
"Pejchar, L. (2015) Introduced birds incompletely replace seed dispersal by a native frugivore. AOB Plants 7: plv072",Australasia and Oceania,Observed,Birds,Seed dispersal,Community richness,11.7,0.4,40,12,0.4,40
"Roldan, A.I., and Simonetti, J.A. (2001). Plant-mammal interactions in tropical Bolivian forests with different hunting pressures. Conservation Biology 15, 617-623.",Neotropics,Observed,Multiple,Multiple,Community density,4.21,0.1,20,3.92,0.2,20
"Rutina, L.P. & Moe, S.R. (2014) Elephant (Loxodonta africana) disturbance to riparian woodland: effects on tree species richness, diversity and functional redundancy. Ecosystems 17: 1384-1396",Africa,Observed,Elephant,Multiple,Community density,0.05,0.08,16,0.15,0.08,16
"Rutina, L.P. & Moe, S.R. (2014) Elephant (Loxodonta africana) disturbance to riparian woodland: effects on tree species richness, diversity and functional redundancy. Ecosystems 17: 1384-1396",Africa,Observed,Elephant,Multiple,Community density,0.05,0.08,16,0.04,0.08,16
"Sethi, P., and Howe, H.F. (2009). Recruitment of Hornbill-Dispersed Trees in Hunted and Logged Forests of the Indian Eastern Himalaya. Conservation Biology 23, 710-718.",Asia,Observed,Birds,Seed dispersal,Species density,2.16,1.96,10,0.14,0.38,10
"Sethi, P., and Howe, H.F. (2009). Recruitment of Hornbill-Dispersed Trees in Hunted and Logged Forests of the Indian Eastern Himalaya. Conservation Biology 23, 710-718.",Asia,Observed,Birds,Seed dispersal,Species density,2.89,1.55,10,0.59,0.57,10
"Sethi, P., and Howe, H.F. (2009). Recruitment of Hornbill-Dispersed Trees in Hunted and Logged Forests of the Indian Eastern Himalaya. Conservation Biology 23, 710-718.",Asia,Observed,Birds,Seed dispersal,Species density,1.95,1.55,10,0.74,0.73,10
"Sethi, P., and Howe, H.F. (2009). Recruitment of Hornbill-Dispersed Trees in Hunted and Logged Forests of the Indian Eastern Himalaya. Conservation Biology 23, 710-718.",Asia,Observed,Birds,Seed dispersal,Species density,4.87,2.85,10,0.91,0.82,10
"Shiels, A.B., Walker, L.R., (2003) Bird perches increase forest seeds on Puerto Rican landslides. Restoration Ecology 11, 457-465.",Neotropics,Manipulated,Birds,Seed dispersal,Community density,5.15,2.97,2,1.49,1.78,2
"Sica, Y.V., Bravo, S.P., and Giombini, M.I. (2014). Spatial Pattern of Pindo Palm (Syagrus romanzoffiana Recruitment in Argentinian Atlantic Forest: The Importance of Tapir and Effects of Defaunation. Biotropica 46, 696-703.",Neotropics,Observed,Ungulates,Seed dispersal,Species density,483,65.82,3,142,33.94,2
"Sica, Y.V., Bravo, S.P., and Giombini, M.I. (2014). Spatial Pattern of Pindo Palm (Syagrus romanzoffiana Recruitment in Argentinian Atlantic Forest: The Importance of Tapir and Effects of Defaunation. Biotropica 46, 696-703.",Neotropics,Observed,Ungulates,Seed dispersal,Species density,96,34.64,3,56,26.87,2
"Sork, V.L. (1987) Effects of predation and light on seedling establishment in Gustavia superba. Ecology 68, 1341-1350",Neotropics,Observed,Multiple,Multiple,Species density,6.77,1.89,3,40.85,12,3
"Stevenson, P.R. (2011). The Abundance of Large Ateline Monkeys is Positively Associated with the Diversity of Plants Regenerating in Neotropical Forests. Biotropica 43, 512-519.",Neotropics,Observed,Primates,Seed dispersal,Community richness,11.21,3.78,8,7.36,2.58,8
"Stevenson, P.R. (2011). The Abundance of Large Ateline Monkeys is Positively Associated with the Diversity of Plants Regenerating in Neotropical Forests. Biotropica 43, 512-519.",Neotropics,Observed,Primates,Seed dispersal,Community richness,13.25,2.4,8,8.58,2.22,8
"Stevenson, P.R. (2011). The Abundance of Large Ateline Monkeys is Positively Associated with the Diversity of Plants Regenerating in Neotropical Forests. Biotropica 43, 512-519.",Neotropics,Observed,Primates,Seed dispersal,Community richness,12.66,3.53,8,10.25,3.31,8
"Stevenson, P.R. (2011). The Abundance of Large Ateline Monkeys is Positively Associated with the Diversity of Plants Regenerating in Neotropical Forests. Biotropica 43, 512-519.",Neotropics,Observed,Primates,Seed dispersal,Community richness,7.58,2.8,8,5.78,0.88,8
"Stevenson, P.R. (2011). The Abundance of Large Ateline Monkeys is Positively Associated with the Diversity of Plants Regenerating in Neotropical Forests. Biotropica 43, 512-519.",Neotropics,Observed,Primates,Seed dispersal,Community richness,12.4,2.45,8,9.52,2.81,8
"Stevenson, P.R. (2011). The Abundance of Large Ateline Monkeys is Positively Associated with the Diversity of Plants Regenerating in Neotropical Forests. Biotropica 43, 512-519.",Neotropics,Observed,Primates,Seed dispersal,Community richness,14.31,4.06,8,12.35,2.57,8
"Stevenson, P.R. (2011). The Abundance of Large Ateline Monkeys is Positively Associated with the Diversity of Plants Regenerating in Neotropical Forests. Biotropica 43, 512-519.",Neotropics,Observed,Primates,Seed dispersal,Community richness,14.25,4.09,8,11.21,3.26,8
"Stevenson, P.R. (2011). The Abundance of Large Ateline Monkeys is Positively Associated with the Diversity of Plants Regenerating in Neotropical Forests. Biotropica 43, 512-519.",Neotropics,Observed,Primates,Seed dispersal,Community richness,14.53,3.45,8,11.99,3.91,8
"Stevenson, P.R., and Aldana, A.M. (2008). Potential effects of ateline extinction and forest fragmentation on plant diversity and composition in the western orinoco basin, colombia. International Journal of Primatology 29, 365-377.",Neotropics,Observed,Primates,Seed dispersal,Community richness,0.57,0.05,7,0.41,0.07,2
"Stevenson, P.R., and Aldana, A.M. (2008). Potential effects of ateline extinction and forest fragmentation on plant diversity and composition in the western orinoco basin, colombia. International Journal of Primatology 29, 365-377.",Neotropics,Observed,Primates,Seed dispersal,Community richness,0.8,0.06,7,0.75,0.14,2
"Stevenson, P.R., and Aldana, A.M. (2008). Potential effects of ateline extinction and forest fragmentation on plant diversity and composition in the western orinoco basin, colombia. International Journal of Primatology 29, 365-377.",Neotropics,Observed,Primates,Seed dispersal,Community density,267,136,7,89,38,2
"Stevenson, P.R., and Aldana, A.M. (2008). Potential effects of ateline extinction and forest fragmentation on plant diversity and composition in the western orinoco basin, colombia. International Journal of Primatology 29, 365-377.",Neotropics,Observed,Primates,Seed dispersal,Community density,393,210,7,564,127,2
"Stevenson, P.R., and Aldana, A.M. (2008). Potential effects of ateline extinction and forest fragmentation on plant diversity and composition in the western orinoco basin, colombia. International Journal of Primatology 29, 365-377.",Neotropics,Observed,Primates,Seed dispersal,Community density,216,54,7,331,108,2
"Terborgh, J., Davenport, L.C., Niangadouma, R., Dimoto, E., Mouandza, J.C., Scholtz, O., and Jaen, M.R. (2016). Megafaunal influences on tree recruitment in African equatorial forests. Ecography 39, 180-186.",Africa,Observed,Elephant,Multiple,Community density,10.6,7.1,5,61.93333333,26.48,5
"Terborgh, J., Davenport, L.C., Niangadouma, R., Dimoto, E., Mouandza, J.C., Scholtz, O., and Jaen, M.R. (2016). Megafaunal influences on tree recruitment in African equatorial forests. Ecography 39, 180-186.",Africa,Observed,Elephant,Multiple,Community density,29.4,7.5,5,42.7,10.03,5
"Terborgh, J., Davenport, L.C., Niangadouma, R., Dimoto, E., Mouandza, J.C., Scholtz, O., and Jaen, M.R. (2016). Megafaunal influences on tree recruitment in African equatorial forests. Ecography 39, 180-186.",Africa,Observed,Elephant,Multiple,Community density,20.56,7.21,5,40.04666667,4.65,5
"Terborgh, J., Davenport, L.C., Niangadouma, R., Dimoto, E., Mouandza, J.C., Scholtz, O., and Jaen, M.R. (2016). Megafaunal influences on tree recruitment in African equatorial forests. Ecography 39, 180-186.",Africa,Observed,Elephant,Multiple,Community density,17.46,5.37,5,35.73333333,4.63,5
"Terborgh, J., Feeley, K., Silman, M., Nunez, P., Balukjian, B. (2006) Vegetation dynamics of predator-free land-bridge islands. Journal of Ecology  94: 253-263",Neotropics,Observed,Multiple,Herbivory,Community density,6.47,4.28,4,10.965,6.25,6
"Terborgh, J., Wright, S.J. (1994) Effects of mammalian herbivores on plant recruitment in two Neotropical forests. Ecology 75, 1829-1833",Neotropics,Manipulated,Multiple,Multiple,Community density,38.3,9.19,2,44.75,7.85,2
"Terborgh, J., Wright, S.J. (1994) Effects of mammalian herbivores on plant recruitment in two Neotropical forests. Ecology 75, 1829-1833",Neotropics,Manipulated,Multiple,Multiple,Community density,29.3,11.88,2,41.2,13.08,2
"Theimer, T.C., Gehring, C.A., Green, P.T., and Connell, J.H. (2011) Terrestrial vertebrates alter seedling composition and richness but not diversity in an Australian tropical rain forest. Ecology 92, 1637-1647.",Australasia and Oceania,Manipulated,Multiple,Non-specific,Community density,8.6,4.86,14,14,10.1,14
"Theimer, T.C., Gehring, C.A., Green, P.T., and Connell, J.H. (2011) Terrestrial vertebrates alter seedling composition and richness but not diversity in an Australian tropical rain forest. Ecology 92, 1637-1647.",Australasia and Oceania,Manipulated,Multiple,Non-specific,Community richness,13,3.74,14,13.9,4.49,14
"Vanthomme, H., Belle, B., and Forget, P.M. (2010) Bushmeat Hunting Alters Recruitment of Large-seeded Plant Species in Central Africa. Biotropica 42, 672-679.",Africa,Observed,Multiple,Non-specific,Community density,2.2,0.78,7,3.84,1.39,4
"Zambrano, V.A.B., Moncada, J.Z., and Stevenson, P.R. (2008) Diversity of regenerating plants and seed dispersal in two canopy trees from Colombian Amazon forests with different hunting pressure. Revista De Biologia Tropical 56, 1531-1542.",Neotropics,Observed,Primates,Multiple,Community richness,0.65,0.03,2,0.49,0.03,2
"Zambrano, V.A.B., Moncada, J.Z., and Stevenson, P.R. (2008) Diversity of regenerating plants and seed dispersal in two canopy trees from Colombian Amazon forests with different hunting pressure. Revista De Biologia Tropical 56, 1531-1542.",Neotropics,Observed,Primates,Multiple,Community richness,0.9,0.03,2,0.85,0.03,2
